Wavelength;C:\Users\49157\OneDrive\Desktop\Protokolle\PC2\Opt\Chloro\chloro_1.txt;C:\Users\49157\OneDrive\Desktop\Protokolle\PC2\Opt\Chloro\chloro_2.txt;C:\Users\49157\OneDrive\Desktop\Protokolle\PC2\Opt\Chloro\chloro_3.txt;C:\Users\49157\OneDrive\Desktop\Protokolle\PC2\Opt\Chloro\chloro_4.txt;C:\Users\49157\OneDrive\Desktop\Protokolle\PC2\Opt\Chloro\chloro_5.txt
1071,8034269338782;0,001657471;0,0016357426;0,001625733;0,00165625;0,0016536626
1071,229883686442;0,001667725;0,0016479495999999999;0,001656494;0,001635498;0,0016446296
1070,7708900676923;0,001656983;0,00164947525;0,00164087;0,001632813;0,00165252725
1070,1969493676147;0,001645996;0,001654834;0,001634278;0,001635498;0,001652442
1069,5079292913176;0,001646241;0,0016597091666666667;0,001660889;0,00163086;0,0016530361666666667
1068,8185916959949;0,001636475;0,0016394451666666668;0,00162085;0,001629395;0,0016287035
1068,243901298281;0,001644532;0,0016231444;0,001659424;0,001615479;0,0016462408
1067,5539821163416;0,001642579;0,0016418869999999999;0,001636963;0,001658204;0,0016412768333333334
1066,863745995471;0,001665772;0,0016201985;0,00163794;0,001626221;0,0016416018333333332
1066,1731931405884;0,001657227;0,0016385908333333332;0,001641358;0,001636719;0,0016516525000000002
1065,4823237567077;0,001677491;0,0016510418333333333;0,001646241;0,00163086;0,0016346441666666668
1064,9063576251285;0,001668701;0,0016643072;0,001610108;0,001654786;0,001639844
1064,2149084708626;0,001665283;0,0016536053333333334;0,001628174;0,001629883;0,001657145
1063,5231433689803;0,001643067;0,0016514898333333332;0,001621094;0,001661865;0,0016632085
1062,831062524856;0,001633789;0,0016528328333333332;0,001645752;0,00163086;0,0016471356666666666
1062,1386661439558;0,001641846;0,001653077;0,001672608;0,001642823;0,0016551923333333334
1061,5614282731349;0,001668946;0,0016356938;0,001654541;0,001648194;0,0016576662
1060,8684539421017;0,001649414;0,0016376546666666666;0,001647705;0,001637696;0,001645915
1060,1751646569585;0,001637207;0,0016470543333333334;0,001636719;0,00164209;0,0016675625
1059,4815606235318;0,001682861;0,0016555995;0,001625733;0,001639893;0,001659139
1058,7876420477407;0,001666504;0,0016449796666666665;0,00164087;0,001629639;0,001636149
1058,0934091355984;0,001657227;0,001631389;0,001624024;0,001631104;0,0016416425000000002
1057,5146417394594;0,001657471;0,0016236822;0,001636475;0,001647461;0,0016375006
1056,8198330793768;0,001668946;0,0016591391666666668;0,001654541;0,001644287;0,0016215420000000001
1056,1247106671524;0,001648682;0,0016384281666666667;0,001636719;0,001652588;0,0016522221666666666
1055,4292747091563;0,00165503;0,0016574305;0,001624756;0,001657715;0,0016558843333333334
1054,7335254118518;0,001671631;0,0016424156666666667;0,001654297;0,001663575;0,0016593423333333334
1054,1534951233664;0,001654786;0,0016298343999999998;0,001643555;0,001641114;0,0016496096
1053,4571719072032;0,001654297;0,001636841;0,001662598;0,001641114;0,0016439213333333332
1052,760535937216;0,001655274;0,0016423345;0,001648682;0,001660156;0,0016547043333333333
1052,0635874202244;0,001639405;0,0016426603333333334;0,001654786;0,001637452;0,0016250413333333334
1051,3663265631408;0,001659424;0,0016482748333333335;0,001639161;0,001646973;0,0016418463333333333
1050,78503740512;0,001658204;0,0016367188;0,001644287;0,001657471;0,001660157
1050,0872044622395;0,001631592;0,0016406658333333332;0,001663819;0,001640381;0,0016326499999999998
1049,389059766022;0,001689942;0,0016695558333333334;0,001667725;0,001641846;0,001649455
1048,6906035237353;0,001658692;0,0016410731666666669;0,001625;0,001653077;0,0016265871666666667
1047,9918359427388;0,001662354;0,0016619471666666666;0,001632325;0,001651368;0,0016377773333333334
1047,2927572304854;0,001667969;0,0016668701666666666;0,001661865;0,001653321;0,0016402998333333333
1046,709954116961;0,001650147;0,0016421392;0,001632569;0,001639649;0,0016530274
1046,0103055365096;0,001674805;0,0016298828333333334;0,00163794;0,001658936;0,0016446533333333334
1045,3103464130843;0,001639649;0,0016587728333333333;0,001634034;0,001635742;0,0016537273333333334
1044,6100769544912;0,001626221;0,0016540125;0,001629395;0,001646485;0,0016492918333333333
1043,9094973686288;0,001636963;0,0016384276666666666;0,001650391;0,001660645;0,0016497806666666667
1043,3254442943537;0,001652344;0,001636914;0,001632813;0,001664307;0,0016616702
1042,6242966820944;0,001648194;0,001639242;0,001650147;0,001644287;0,001646851
1041,9228395321109;0,001650879;0,0016726081666666667;0,001660645;0,001650391;0,0016614176666666669
1041,2210730526535;0,001661621;0,001642985;0,001644532;0,001659912;0,0016717531666666668
1040,5189974520656;0,00165625;0,0016530353333333333;0,001647461;0,00163794;0,0016480718333333334
1039,933698467751;0,001663086;0,001649984;0,0016521;0,0016578775;0,0016412763333333333
1039,2310566865071;0,001656494;0,001652393;0,001634766;0,001614746;0,0016513186
1038,5281063749346;0,001655762;0,0016590981666666667;0,001626954;0,001640625;0,0016650396666666666
1037,8248477417285;0,001652588;0,0016204835;0,001638672;0,00164502;0,001650147
1037,1212809956742;0,001662598;0,001647339;0,001632813;0,001644287;0,0016560873333333335
1036,4174063456487;0,0016521;0,0016388345;0,001623047;0,001630372;0,001639649
1035,8306090836297;0,001687989;0,0016320316;0,001650879;0,001641602;0,0016486822
1035,1261704857948;0,001645264;0,0016359865;0,00163208;0,001654053;0,0016500251666666666
1034,4214245763033;0,001646485;0,0016353354999999999;0,001654053;0,001649903;0,0016317548333333333
1033,7163715643835;0,00164209;0,0016439616666666665;0,001628662;0,001636231;0,0016499431666666666
1033,011011659353;0,001667481;0,0016412761666666667;0,001624756;0,001656006;0,0016473795
1032,422977457333;0,001671875;0,0016458498;0,001646973;0,001646241;0,00162334
1031,717055458883;0,001675537;0,0016386719999999999;0,001632569;0,001638672;0,0016591801666666667
1031,0108271608858;0,001678955;0,0016591396666666668;0,001633545;0,001638916;0,0016613768333333333
1030,3042927730091;0,001636719;0,0016426191666666667;0,001625977;0,001641114;0,0016554768333333335
1029,597452505011;0,001641114;0,0016465663333333333;0,001635498;0,001633545;0,001657186
1028,8903065667414;0,001666993;0,001654094;0,001622071;0,001632569;0,0016687016666666666
1028,3007849381834;0,001674317;0,0016437508;0,001648438;0,001663819;0,0016406254
1027,5930791497403;0,001650879;0,0016451416666666667;0,001645508;0,001636963;0,001640992
1026,8850682860902;0,001646729;0,0016384684999999999;0,001641602;0,001650147;0,0016446131666666666
1026,1767525574296;0,001636231;0,001644898;0,001655762;0,001641358;0,0016596683333333334
1025,468132174045;0,001673828;0,0016422125;0,001657471;0,001626221;0,001662598
1024,8773826173074;0,0016792;0,0016415532;0,001641114;0,001648682;0,0016520508
1024,168204246726;0,001665528;0,0016493328333333334;0,001617432;0,001623535;0,0016632489999999999
1023,4587218177253;0,001669434;0,0016421306666666666;0,001631592;0,001664551;0,0016491293333333332
1022,748935540939;0,001655274;0,0016383468333333335;0,001638428;0,001647461;0,0016502278333333333
1022,0388456270907;0,001639405;0,00166683;0,001627686;0,001635498;0,0016252846666666666
1021,4468722393284;0,001651368;0,0016599128;0,001622559;0,001634522;0,0016591802
1020,7362262051288;0,001660645;0,0016368006666666666;0,001639893;0,001636963;0,0016762701666666667
1020,0252771314069;0,0016521;0,0016484788333333334;0,001637207;0,001619141;0,0016852625
1019,3140252292318;0,001671143;0,0016418461666666666;0,001654541;0,001641846;0,0016550296666666667
1018,6024707097622;0,001670411;0,0016376546666666666;0,001642579;0,001640625;0,0016503095
1017,8906137842467;0,001653565;0,0016526695;0,001639405;0,001629395;0,00165979
1017,2971688274996;0,001646241;0,0016422852000000001;0,001649903;0,001634522;0,0016635746
1016,5847580398579;0,001664795;0,0016281335;0,001644776;0,001632325;0,0016628421666666667
1015,8720454451952;0,001637207;0,0016483561666666667;0,001621826;0,00159668;0,001654053
1015,1590312551044;0,001677979;0,0016569011666666667;0,00166211;0,001645996;0,0016431890000000002
1014,4457156812676;0,001649659;0,0016286216666666666;0,001615479;0,001635498;0,0016539713333333333
1013,8510559654884;0,001666016;0,0016374518;0,001628662;0,001625;0,0016580564
1013,1371884048654;0,00166333;0,0016311448333333333;0,001658204;0,001658692;0,0016421711666666666
1012,4230200607475;0,001673584;0,0016535643333333333;0,001626221;0,00163794;0,001658651
1011,7085511451595;0,001658692;0,0016287436666666665;0,001628174;0,001645508;0,0016544596666666666
1010,993781870215;0,001666993;0,0016376546666666666;0,001624512;0,001639161;0,0016365561666666665
1010,3979115196778;0,001681397;0,0016345706;0,001632325;0,00162378;0,0016569338
1009,6825921371163;0,001640381;0,0016505536666666667;0,001644287;0,001628662;0,0016593836666666667
1008,9669729966715;0,001655762;0,0016385905;0,001648194;0,001666016;0,0016340744999999999
1008,2510543107993;0,001669434;0,0016607263333333333;0,00166626;0,001635498;0,0016686201666666666
1007,5348362920439;0,001644776;0,001665772;0,001641358;0,001641846;0,0016551515
1006,8183191530383;0,001667237;0,0016537686666666667;0,001631104;0,001657471;0,0016596273333333333
1006,2209931960301;0,001660645;0,0016367192;0,001630616;0,001624268;0,001648877
1005,5039282224492;0,001665039;0,0016452636666666666;0,00164087;0,001658936;0,0016494145
1004,7865647315609;0,001655518;0,0016450608333333334;0,001632813;0,001616455;0,0016472986666666667
1004,068902936338;0,00166211;0,0016382245;0,001638428;0,001669434;0,0016451015
1003,350943049843;0,001682618;0,0016481529999999999;0,001653321;0,001634522;0,0016767176666666666
1002,752415589594;0,001648682;0,0016642582;0,001633301;0,001636719;0,0016602540000000001
1002,0339097560951;0,001688477;0,0016528733333333334;0,001642579;0,001663819;0,0016455893333333334
1001,3151064354792;0,001667725;0,001635458;0,001641114;0,001643799;0,0016667890000000001
1000,5960058411466;0,001659424;0,0016248373333333332;0,001635254;0,001625733;0,0016587728333333333
999,8766081865869;0,001652588;0,0016271568333333334;0,001653077;0,001644532;0,0016454675
999,2768833741961;0,001648682;0,0016425787999999998;0,001636475;0,0016317145;0,001635303
998,5569416639901;0,001653809;0,0016364751666666667;0,001651368;0,001651368;0,0016422526666666666
997,8367034989208;0,0016792;0,0016556803333333332;0,001628174;0,00165625;0,0016507571666666667
997,116169092815;0,001662598;0,001653402;0,001639649;0,001628174;0,0016398933333333333
996,3953386595869;0,001664063;0,0016441658333333333;0,001644532;0,001647705;0,0016512861666666667
995,6742124132394;0,00165625;0,0016584473333333333;0,001640137;0,001630372;0,0016335046666666668
995,0730480607142;0,001660889;0,0016825193999999999;0,001664551;0,001643067;0,001630567
994,3513800464176;0,001639161;0,0016588548333333333;0,001651612;0,001644532;0,0016520183333333333
993,6294168258187;0,001671875;0,0016618253333333334;0,001637207;0,001642579;0,0016399741666666668
992,9071586132561;0,001645752;0,0016348883333333333;0,001629883;0,001638916;0,0016505539999999998
992,1846056231566;0,001643067;0,0016411543333333333;0,001650879;0,001646729;0,0016659343333333331
991,5822531088797;0,001631592;0,0016523438;0,001644776;0,001633545;0,0016575202
990,8591602504986;0,00164087;0,0016407068333333334;0,001651123;0,001645508;0,0016480718333333334
990,1357732225965;0,001674317;0,0016627608333333332;0,001649659;0,001625489;0,0016471356666666668
989,4120922399352;0,001656006;0,0016547041666666667;0,001645264;0,00165503;0,0016419278333333334
988,6881175173638;0,001639893;0,0016702066666666668;0,001645508;0,001657227;0,0016547041666666667
987,9638492698176;0,0016521;0,0016418863333333333;0,001651123;0,00164502;0,001675171
987,3600683315219;0,001653077;0,0016552244;0,001684815;0,001643555;0,0016566406
986,6352625133817;0,001662842;0,001660156;0,001644776;0,001643067;0,0016621096666666667
985,9101637797255;0,001654053;0,0016392009999999999;0,001674805;0,001648682;0,0016647136666666667
985,1847723458228;0,001636475;0,0016643066666666667;0,001648926;0,001633545;0,0016568608333333333
984,4590884270302;0,001645264;0,0016461593333333335;0,001644776;0,001618897;0,001661174
983,8541285575081;0,001673096;0,0016485844;0,001643799;0,001654053;0,0016508299999999998
983,1279089760347;0,001649659;0,0016469326666666666;0,001652344;0,001646973;0,0016428631666666666
982,4013975203197;0,001653565;0,0016537685;0,00164209;0,001651856;0,0016481526666666667
981,6745944060525;0,001648926;0,0016589356666666666;0,00164209;0,001660156;0,0016563315
980,9474998490085;0,001653077;0,0016549888333333334;0,001639893;0,001668457;0,0016359458333333333
980,3413652439712;0,00165918;0,0016687018;0,001656494;0,00162378;0,0016540528
979,6137369358744;0,001666016;0,0016664631666666668;0,001650391;0,001624756;0,0016452230000000001
978,8858177968351;0,001684327;0,0016709805;0,001639893;0,001639405;0,0016484381666666667
978,1576080429605;0,001680908;0,0016599125;0,001647461;0,00163794;0,0016527106666666667
977,4291078904437;0,001669434;0,0016780193333333334;0,001637207;0,001660401;0,0016535243333333333
976,7003175555642;0,001662598;0,0016436773333333332;0,00163208;0,001636719;0,0016309816666666666
976,0927707655098;0,001633789;0,0016492677999999999;0,001651123;0,001646241;0,0016436521999999999
975,3634489916437;0,001647461;0,0016485188333333332;0,00167334;0,00164209;0,0016727706666666668
974,6338376486744;0,001663086;0,0016424158333333335;0,001633789;0,001657227;0,0016834308333333334
973,9039369532118;0,001667481;0,0016566163333333332;0,001645264;0,001643555;0,0016497808333333333
973,1737471219507;0,001676026;0,0016637371666666668;0,001647705;0,001646241;0,0016383471666666666
972,56503488467;0,00168335;0,0016594734;0,001649903;0,001652588;0,0016513192000000001
971,8343155342028;0,001672852;0,0016807865;0,001646485;0,001680908;0,0016482751666666666
971,103307662373;0,001674561;0,001670248;0,00164917;0,001662598;0,0016418871666666667
970,3720114862047;0,001681397;0,0016548261666666667;0,001621826;0,001665772;0,0016420900000000001
969,6404272228078;0,001685791;0,0016429856666666666;0,001640381;0,001658692;0,0016453856666666668
969,030553760037;0,001671875;0,0016481452;0,001623291;0,001660401;0,0016418952
968,2984419008862;0,001653077;0,0016694338333333332;0,001635987;0,001634034;0,0016437175
967,5660425701153;0,001663575;0,0016432291666666665;0,001671875;0,0016521;0,0016320803333333333
966,8333559851607;0,001702637;0,0016502278333333333;0,001669678;0,001663575;0,0016337081666666668
966,100382363545;0,00166626;0,0016461186666666665;0,001668701;0,001632325;0,0016475428333333334
965,3671219228759;0,001676758;0,0016295168333333332;0,001651612;0,001646729;0,0016670336666666666
964,7558526148156;0,001667481;0,0016407225999999998;0,001635987;0,001634522;0,0016731446
964,0220669046728;0,001658447;0,0016453045;0,001632569;0,001639161;0,0016752521666666667
963,2879949924936;0,001715821;0,0016446946666666667;0,001650879;0,001667725;0,0016594645
962,5536370962121;0,001686768;0,0016610111666666668;0,001629151;0,001644043;0,0016853433333333333
961,8189934338465;0,001663086;0,0016789553333333334;0,001654053;0,001628174;0,0016643069999999999
961,2065722456867;0,001655274;0,0016703618;0,001635987;0,001661865;0,0016302248
960,4714052453577;0,001673584;0,0016489668333333333;0,001639649;0,001662842;0,0016336261666666666
959,7359530971246;0,001668457;0,001645874;0,001657471;0,001648926;0,0016467286666666666
959,0002160193304;0,001690918;0,0016362310000000001;0,001656494;0,001661865;0,0016534018333333334
958,2641942304036;0,001666993;0,0016509605;0,001634766;0,001633789;0,0016380211666666667
957,650625409604;0,001679444;0,0016626954;0,001667237;0,001631104;0,0016603516
956,9140822178537;0,00165625;0,001659505;0,001650879;0,001649414;0,0016510821666666665
956,1772549343088;0,001654541;0,0016594645;0,001656739;0,00165918;0,0016540531666666665
955,4401437777213;0,001672852;0,0016728921666666666;0,00165625;0,001686524;0,0016471356666666666
954,7027489669271;0,001665772;0,0016676028333333333;0,001652588;0,001632569;0,0016465255
953,9650707208459;0,001644776;0,0016405843333333332;0,001647461;0,00165625;0,0016416423333333332
953,3501224940438;0,001686035;0,001647998;0,001638916;0,001655518;0,0016402346
952,6119251854675;0,001645508;0,0016456305;0,001647461;0,001634278;0,0016383061666666668
951,8734450623352;0,001669922;0,0016321211666666666;0,001619385;0,001641114;0,0016540125
951,1346823438895;0,001694825;0,0016481531666666667;0,001660401;0,001678467;0,0016385095
950,3956372494564;0,001650879;0,001657146;0,001624756;0,0016521;0,0016616218333333334
949,7795507918405;0,001670899;0,0016605472;0,001646729;0,001635742;0,0016482426
949,0399885780146;0,001670899;0,0016654055;0,001655274;0,001640137;0,0016396891666666667
948,3001446100809;0,001667237;0,001663615;0,001646729;0,0016521;0,0016511235000000002
947,5600191076868;0,001711915;0,0016602376666666667;0,001677002;0,001629395;0,0016629233333333333
946,8196122905631;0,001669434;0,0016476646666666666;0,001645752;0,001645264;0,0016481125
946,0789243785243;0,001678711;0,0016391606666666667;0,001655762;0,001636231;0,0016476243333333333
945,4614698851858;0,001695313;0,001652588;0,00164087;0,001647461;0,0016642092
944,7202672036531;0,00166333;0,0016719158333333333;0,00165503;0,001679932;0,0016492921666666667
943,9787840504656;0,001666016;0,0016736248333333332;0,001666993;0,001648438;0,0016713463333333334
943,2370206457574;0,001667481;0,0016607266666666667;0,001649414;0,001662842;0,0016685798333333334
942,4949772097457;0,001663575;0,0016665448333333334;0,001632569;0,001638428;0,0016718755000000001
941,8763939258679;0,001678223;0,0016506353999999998;0,001643311;0,001677002;0,0016564456
941,1338376713617;0,001659668;0,0016574301666666667;0,001661133;0,001657471;0,0016452231666666667
940,3910020099518;0,00166333;0,0016456305;0,001633301;0,001659668;0,0016649581666666668
939,6478871621737;0,00168335;0,001640788;0,001650391;0,001680664;0,0016942141666666667
938,9044933486456;0,001654053;0,0016450601666666666;0,001656983;0,001639405;0,0016746015
938,284785564425;0,00168042;0,001658496;0,001654297;0,001631348;0,0016546388
937,5408808869586;0,001683838;0,0016575526666666666;0,001636963;0,001657715;0,0016590173333333334
936,7966978692775;0,001691162;0,0016526698333333332;0,001650635;0,001638916;0,0016449791666666666
936,052236732317;0,00168042;0,0016547043333333333;0,001675049;0,001641114;0,001647746
935,3074976970953;0,001688721;0,0016658531666666667;0,001669678;0,001687012;0,0016641851666666667
934,5624809847127;0,001647949;0,0016785481666666666;0,001635742;0,001639893;0,0016493328333333332
933,941421769466;0,0016792;0,001645508;0,001638916;0,001631836;0,0016352056
933,1958965568095;0,001674073;0,0016507573333333335;0,001655762;0,00165625;0,0016498623333333334
932,4500942938914;0,001685303;0,0016641441666666666;0,001663575;0,001641602;0,0016614585
931,7040152021277;0,001735108;0,001675415;0,001667969;0,001649659;0,0016620685
930,957659503017;0,00168457;0,0016599526666666667;0,001662842;0,001665039;0,0016437583333333333
930,335485283003;0,001678223;0,0016789548;0,001667481;0,001640137;0,0016360354
929,5886230459756;0,001774903;0,0016575116666666667;0,001656739;0,001664795;0,0016706141666666667
928,8414848296259;0,001703125;0,0016720383333333334;0,001658692;0,001661865;0,0016850591666666666
928,0940708557666;0,001662598;0,0016658534999999999;0,001665772;0,001647217;0,0016647548333333334
927,3463813462926;0,00173291;0,0016595465;0,001646485;0,00163208;0,001666911
926,7230964366119;0,001702637;0,0016577152;0,001651856;0,00164502;0,0016725098
925,9749023550917;0,001772705;0,0016676435;0,001645264;0,001671387;0,0016870123333333333
925,2264333671023;0,001790283;0,0016729330000000001;0,001637696;0,001656494;0,0016809496666666667
924,4776896948516;0,001757813;0,0016485598333333335;0,001650391;0,001658447;0,0016855066666666666
923,7286715606289;0,001848389;0,00168099;0,00165918;0,001673096;0,0016597088333333335
922,9793791868055;0,001796875;0,001674032;0,001650879;0,001668701;0,0016937661666666668
922,3547595471882;0,001767334;0,0016750494;0,001637452;0,001661377;0,0016887696
921,6049649785801;0,001703614;0,0016778568333333333;0,001653321;0,001669678;0,0016572678333333334
920,8548968008643;0,001715577;0,0016554363333333333;0,001638428;0,001666016;0,0016642253333333332
920,1045552367234;0,001713135;0,0016525065;0,001685547;0,001650147;0,0016665446666666668
919,3539405089211;0,001704102;0,001673177;0,001669922;0,001669434;0,0016628423333333335
918,7282197298362;0,001689942;0,0016788092000000001;0,001659668;0,001676514;0,0016539068
917,9771047808243;0,001757569;0,00168042;0,001674317;0,001648682;0,0016709801666666667
917,2257172997561;0,001751953;0,0016637781666666667;0,001706055;0,001654053;0,0016725675
916,4740575097053;0,001706055;0,0016469726666666666;0,00168628;0,001680908;0,0016765958333333332
915,7221256338273;0,001879883;0,0016750086666666665;0,001683106;0,001682373;0,0016935634999999999
915,0953080549732;0,00172876;0,0017135746;0,001659912;0,00167212;0,0016918948
914,3428779349304;0,001748535;0,0016995041666666667;0,001682618;0,001640381;0,0016780598333333333
913,5901763617721;0,001776123;0,0016828615;0,001647949;0,001646485;0,0017145995
912,8372035589625;0,001755615;0,0016584475;0,001652344;0,001672608;0,001687622
912,0839597500468;0,001713623;0,0016894538333333334;0,001649903;0,001666993;0,0016731365
911,3304451586507;0,001763916;0,0016397706666666666;0,001675293;0,00165918;0,0016634926666666667
910,7023096461493;0,001709961;0,0016629884;0,001653565;0,001653565;0,0016929202
909,9482992012772;0,001723633;0,0016807868333333334;0,001654297;0,001672852;0,0016687423333333333
909,1940186079667;0,001776856;0,0016661380000000002;0,001656739;0,001677491;0,0016810715
908,4394680901506;0,001838135;0,001660197;0,001652588;0,001661621;0,0016791183333333334
907,6846478718425;0,001855713;0,0016706546666666667;0,001662354;0,001672608;0,0016814373333333334
907,0554251637136;0,001791748;0,0016769536000000001;0,001658447;0,001664063;0,0016885746
906,3001110765822;0,001728516;0,0017021898333333333;0,001642334;0,001660156;0,001690796
905,5445279240981;0,00181836;0,0016887211666666668;0,001652344;0,001666504;0,001675863
904,7886759305813;0,001833985;0,0016805831666666666;0,001639405;0,001629151;0,0016889245
904,032555320432;0,001783692;0,0017108155;0,001673096;0,001667237;0,0016864423333333334
903,2761663181295;0,001894531;0,0016857101666666666;0,0016582848333333332;0,001714112;0,0016747238333333333
902,6456372897667;0,001812256;0,0016882327999999999;0,001653809;0,001685547;0,0016769048
901,8887568184708;0,001943848;0,0017307133333333332;0,001678223;0,001653809;0,0016828615
901,13160859148;0,001978516;0,0017678633333333333;0,001681885;0,001701905;0,0017243246666666667
900,3741928335783;0,002001953;0,001770427;0,001665039;0,001684082;0,001708212
899,6165097696304;0,002155518;0,001855021;0,001697998;0,0016792;0,0018077391666666666
898,9849031865045;0,002015381;0,001771094;0,001644776;0,001662598;0,0017159178
898,2267306457566;0,001907715;0,0018199058333333335;0,001673096;0,001692139;0,0017294515
897,4682914365077;0,0020271;0,0018666586666666667;0,00165503;0,001701905;0,0017880455
896,7095857839261;0,001968506;0,001838867;0,001666993;0,001679444;0,0017519126666666667
895,9506139132579;0,002062989;0,0018912351666666668;0,00166333;0,001736817;0,0018519284999999998
895,3179341558896;0,00213794;0,0018841312000000001;0,00170044;0,001790039;0,001838819
894,5584748040097;0,002077637;0,0018692225;0,001674073;0,001667237;0,0017895923333333332
893,7987498726727;0,002175538;0,0020409346666666666;0,001671631;0,001728272;0,0018313399999999999
893,0387595874284;0,002218018;0,0019350998333333333;0,001676514;0,001696289;0,0017436523333333332
892,2785041739052;0,002210938;0,0018884688333333332;0,001660889;0,001680176;0,0017290043333333333
891,5179838578099;0,002333741;0,0019396976666666667;0,001750977;0,001732178;0,0018412684999999998
890,88401473449;0,002202637;0,0018588872;0,001740723;0,001675049;0,00177837
890,1230093501522;0,002192871;0,0018941246666666668;0,001670655;0,001674073;0,0017658284999999998
889,3617397031728;0,00229712;0,0019521486666666667;0,001753663;0,001761231;0,0017612713333333334
888,60020601956;0,002261963;0,001921346;0,001679444;0,001699219;0,0017209475
887,8384085254007;0,002310059;0,0019761966666666667;0,001697998;0,001684815;0,0017316491666666666
887,203375921487;0,002344971;0,0019245124;0,001734864;0,001744874;0,0017843752
886,441095362116;0,002313721;0,0019861655;0,001737061;0,001714356;0,0018049726666666667
885,678551633202;0,002442383;0,0020367031666666665;0,001711915;0,001774903;0,0018493651666666665
884,9157449611318;0,002379883;0,0020538745;0,001723633;0,001730957;0,001859945
884,1526755723697;0,0024375;0,0020325114999999996;0,001690186;0,00177124;0,001848552
883,5165838921433;0,002622071;0,0020770512;0,001816162;0,001980713;0,0019165048000000001
882,7530334445506;0,002451172;0,001988647666666667;0,001701905;0,001743653;0,0018465988333333334
881,9892209223391;0,002552002;0,0019969893333333334;0,001736573;0,001844727;0,0018012294999999998
881,2251465522719;0,002515381;0,0020350343333333334;0,001841309;0,001905762;0,0018609625
880,46081056119;0,002407959;0,0020390623333333335;0,001717286;0,001828613;0,001790609
879,6962131760117;0,002453125;0,0020605473333333334;0,00181836;0,001756348;0,0017442218333333333
879,0588491760816;0,0025625;0,0020538092000000003;0,001746582;0,001854981;0,0017425786
878,2937731580092;0,002518311;0,002139730166666667;0,001715577;0,001808838;0,0017867846666666668
877,5284363891976;0,002556885;0,0021222743333333335;0,001809571;0,001844239;0,0018531901666666668
876,762839096863;0,002416016;0,0021313066666666667;0,001858399;0,001827881;0,0018187668333333334
875,9969815082978;0,002453858;0,002043376;0,001791016;0,001831055;0,0018183193333333333
875,3585681777963;0,002638428;0,0021265142;0,001964356;0,002048096;0,001946045
874,5922339700625;0,002680665;0,0020324301666666666;0,001830079;0,001942383;0,0018477381666666666
873,8256401105149;0,002530762;0,0020628666666666668;0,001790528;0,001976075;0,0018500571666666666
873,0587868267421;0,002638672;0,0021044518333333336;0,001954346;0,001996827;0,0018371988333333333
872,2916743464104;0,002538086;0,0020800785;0,001707032;0,001959961;0,0019002276666666665
871,6522161130652;0,002606446;0,002118311;0,001736084;0,001976563;0,0020290044
870,884629030596;0,002687989;0,0021253258333333333;0,001874512;0,001950928;0,0019121911666666667
870,116783397039;0,002662842;0,0020852461666666664;0,001850098;0,00177295;0,0018671878333333333
869,3486794403545;0,002724122;0,0021296796666666665;0,001941162;0,001877686;0,0019508873333333335
868,5803173885794;0,002640625;0,002108398666666667;0,002031494;0,001962403;0,0019432378333333333
867,8116974698283;0,002628907;0,0020957443333333332;0,001958741;0,001963135;0,0019502363333333333
867,1709840537767;0,002768067;0,0021880374;0,002062012;0,002095215;0,0019541994
866,4018919716184;0,002650635;0,0021497801666666666;0,001980225;0,002033936;0,0019157308333333334
865,6325426692221;0,002682862;0,0022127276666666666;0,001953369;0,002034912;0,0019464115
864,8629363749941;0,002760987;0,0022639979999999997;0,001937988;0,002048828;0,0019604086666666666
864,0930733174181;0,002639405;0,0022100018333333334;0,001907227;0,002010498;0,001928915
863,4513247956617;0,00268042;0,0023016604;0,001977784;0,002035889;0,0020112312
862,6809915989553;0,002779053;0,0022578536666666665;0,001984863;0,002036866;0,002091228
861,9104022866841;0,002743653;0,0021916103333333332;0,001833496;0,001925538;0,0020517173333333334
861,1395570876227;0,002886475;0,002184408;0,001954346;0,002053711;0,0020612390000000003
860,3684562306222;0,002893799;0,002152099833333333;0,001810303;0,002102295;0,0020932618333333332
859,5970999446097;0,002768555;0,0021697188333333335;0,001938925;0,002101563;0,0020677495
858,9541080854268;0,002902344;0,0022511234;0,00200586;0,002175293;0,0021798832
858,182284107718;0,002708985;0,002160197333333333;0,001923829;0,002047119;0,0021679688333333335
857,4102053500349;0,002799561;0,0022089848333333335;0,002035401;0,002130127;0,0021920171666666667
856,637872041595;0,002888916;0,0023126633333333335;0,002056397;0,002182862;0,0022389736666666663
855,8652844116909;0,002821289;0,002221517;0,001926758;0,002132569;0,0021449384999999996
855,2212672789061;0,002837891;0,0023022462;0,002028076;0,002059083;0,0021370119999999998
854,4482139887599;0,002828858;0,002397257666666667;0,002090577;0,002090332;0,0021785895
853,6749070272225;0,00278125;0,002314087166666667;0,001980469;0,002058106;0,0021535241666666666
852,9013466238758;0,002855225;0,0024372971666666667;0,001975831;0,002108155;0,002201701333333333
852,1275330083774;0,002866211;0,002344361;0,002060791;0,002124756;0,0021432703333333332
851,482495068584;0,002770508;0,0023595218;0,002092774;0,002106446;0,0022122078
850,7082178275265;0,002862061;0,002379965;0,002185303;0,002220215;0,0023427743333333333
849,9336880254202;0,002808106;0,0022777101666666666;0,002059083;0,002167237;0,0022876386666666666
849,1589058922103;0,002899414;0,002383179333333333;0,002007569;0,002120606;0,0022661136666666665
848,3838716579164;0,002915039;0,0024001063333333335;0,002101807;0,002187012;0,002248209666666667
847,6085855526331;0,00285376;0,0022678221666666666;0,00196753;0,002091309;0,002181397166666667
846,962321562834;0,002875977;0,002345215;0,001980957;0,002126709;0,0022313972
846,1865742919256;0,00300293;0,0023367106666666664;0,002070557;0,002194336;0,0022257084999999996
845,4105758023686;0,002952149;0,0024242356666666666;0,002003662;0,002085205;0,002126424333333333
844,6343263245444;0,003011231;0,002504761;0,002027344;0,002179444;0,0022414961666666665
843,8578260889083;0,003004151;0,002462565;0,002033936;0,002159668;0,002259562666666667
843,2105511744189;0,002944825;0,0024637696;0,002053467;0,002253663;0,0023187506
842,4335918149185;0,002957276;0,0026277261666666665;0,00220044;0,002441163;0,0024011233333333334
841,6563823509678;0,002998291;0,002569377;0,002100342;0,002317627;0,002232462666666667
840,8789230133066;0,003032227;0,00258606;0,002034668;0,002228272;0,002174275833333333
840,1012140327501;0,002944581;0,0026754155;0,002145752;0,002324708;0,0023235278333333335
839,4529326827583;0,002909668;0,0025659182;0,00211499;0,002195557;0,0021726082
838,6747666232828;0,002967042;0,002589559;0,002197266;0,002151856;0,0021682946666666666
837,8963515752893;0,003018067;0,002634156;0,002366211;0,002232666;0,0021864831666666665
837,1176877698758;0,002907227;0,002608928333333333;0,002193116;0,002290039;0,002151652
836,3387754382147;0,002930665;0,0027174891666666666;0,002290039;0,002263672;0,0021815186666666667
835,559614811552;0,002936768;0,0026837165;0,002231446;0,002287109;0,00219222
834,9101247864239;0,002896485;0,00265752;0,002308838;0,002293457;0,002244043
834,1305095531004;0,003035645;0,002670899;0,002296143;0,002459473;0,0023577476666666666
833,3506466803725;0,003061768;0,002666992;0,002213623;0,002408448;0,00218099
832,5705363997686;0,003006592;0,0027145595000000002;0,00231128;0,002265137;0,0022362061666666667
831,7901789428902;0,003114259;0,0027099209999999997;0,002424073;0,00237378;0,0023316244999999998
831,1396924140887;0,003088379;0,0027238288;0,002323731;0,002268311;0,0023285648
830,3588824024717;0,003111573;0,002720093;0,002367676;0,002317139;0,0022944750000000002
829,5778258711837;0,003198243;0,002642211833333333;0,002410889;0,002358643;0,0023005783333333333
828,796523052107;0,003153077;0,002704468;0,002264405;0,002303223;0,0022631023333333335
828,0149741771976;0,003250245;0,0028455001666666665;0,002401368;0,002474854;0,0023072103333333332
827,3634956561845;0,003329103;0,0028643556;0,002309815;0,002453858;0,002326807
826,5814962815974;0,003311768;0,0028788655;0,002240967;0,002421631;0,002236328666666667
825,7992515087822;0,003525636;0,00299052;0,00239502;0,002461182;0,0023683273333333335
825,0167615699735;0,003364991;0,0028736580000000003;0,002338868;0,002425049;0,0023461513333333335
824,23402669748;0,00338794;0,0029446213333333333;0,002309327;0,00243628;0,0023601073333333333
823,4510471236825;0,003471192;0,0029395351666666666;0,002351807;0,002404541;0,0024602058333333334
822,7983773886125;0,003387208;0,0028648446;0,002327881;0,002407959;0,002458741
822,0149497995434;0,003327393;0,002930828;0,002329834;0,002393799;0,0024180098333333334
821,2312781679774;0,003353028;0,0029035651666666665;0,002331543;0,002423829;0,0023217773333333333
820,4473627265733;0,003366456;0,0029130868333333334;0,002385254;0,002408936;0,0023420008333333332
819,6632037080622;0,003539551;0,0029381115;0,002493897;0,002563965;0,002417155
819,0095519614118;0,003493897;0,0029519536;0,002531983;0,002526856;0,00241836
818,2249469895667;0,003515382;0,0029468185;0,00247168;0,002456299;0,0023821215000000002
817,4400991004129;0,003611817;0,0030161138333333333;0,002511475;0,002621583;0,0023689781666666665
816,6550085269587;0,003582764;0,002948284;0,002357178;0,002558838;0,0022378743333333335
815,8696755022843;0,003490967;0,0029971926666666664;0,002391602;0,002524414;0,0022560631666666666
815,2150462774681;0,003577881;0,0030018556;0,002466065;0,002607422;0,0023258306
814,42926936449;0,003489991;0,0029305835000000002;0,002437989;0,002531006;0,0023054608333333334
813,6432506610764;0,003543458;0,0028581548333333332;0,002605713;0,002500977;0,002325805833333333
812,8569904005832;0,003550294;0,0029184576666666665;0,002542969;0,002573975;0,0023974206666666667
812,0704888164378;0,003545166;0,0028681645;0,002459473;0,002489014;0,0024204108333333333
811,2837461421398;0,003611329;0,0030413824999999998;0,002563477;0,002515381;0,0024384365
810,6279432493096;0,0036521;0,0030465827999999998;0,002602783;0,002473877;0,0024662606000000003
809,8407591830846;0,003629395;0,003055665;0,002653809;0,002512939;0,002469768
809,0533346886757;0,003744629;0,003095093;0,002708008;0,00259961;0,0025534673333333334
808,2656699998568;0,003649903;0,0030729983333333336;0,002618897;0,002470704;0,0024504805
807,4777653504717;0,003604737;0,0030651048333333332;0,002622803;0,00245166;0,002463949
806,8209950081975;0,003677979;0,0030926276;0,002687256;0,002531495;0,0024073736
806,032651038691;0,003653565;0,0029801841666666665;0,002657471;0,002585449;0,0023917646666666665
805,2440677715646;0,003684815;0,0029601648333333333;0,002644532;0,002612305;0,0023946943333333333
804,4552454409358;0,003847413;0,003072428833333333;0,002753663;0,00256543;0,0023586431666666667
803,6661842809922;0,00374878;0,003094727;0,002669678;0,002495606;0,002298218166666667
802,8768845259931;0,0038042;0,003105102833333333;0,002730469;0,002619385;0,0023333746666666664
802,2189526391045;0,003871583;0,0030960452;0,002759522;0,002742432;0,0023655764
801,4292160684951;0,003898194;0,0030879728333333334;0,002634034;0,002611328;0,0023857830000000003
800,6392415669487;0,003833497;0,0032409266666666666;0,002700196;0,002653321;0,002538208666666667
799,849029368996;0,003746583;0,0031984865;0,002622315;0,002519288;0,0024576418333333333
799,0585797092369;0,003768311;0,0031978763333333333;0,002712891;0,002549561;0,002464233666666667
798,3996904343044;0,003911133;0,0031555672;0,00268335;0,002640137;0,0024902838
797,6088060374456;0,00383545;0,0031001388333333334;0,002588379;0,002560303;0,0024772544999999997
796,8176848438655;0,003803712;0,0032139898333333333;0,002700684;0,002532715;0,002476481333333333
796,0263270884352;0,003833985;0,0032659918333333335;0,002767334;0,002493897;0,0025301518333333333
795,2347330060956;0,003789796;0,003199056666666667;0,002797363;0,002543702;0,0024695645000000002
794,5748909128586;0,003864014;0,0032404302000000004;0,002869385;0,002647217;0,0024717294
793,7828641749443;0,003936768;0,0032548016666666666;0,002889893;0,002609131;0,0024436851666666667
792,9906017761673;0,003916504;0,003281942166666667;0,002840821;0,002530518;0,0024197593333333332
792,1981039517367;0,004015625;0,0034198006666666665;0,002902344;0,00264502;0,0024907233333333334
791,4053709369321;0,004057618;0,0033183191666666667;0,002739746;0,002578614;0,0024315601666666667
790,6124029671024;0,00403125;0,0033120525;0,002752686;0,002519531;0,002473918166666667
789,951417015886;0,00409668;0,0032915044;0,002873291;0,002611084;0,0024886720000000004
789,1580189066631;0,004031007;0,003288046;0,002785401;0,002661621;0,0024638670000000002
788,3643865096166;0,004148927;0,0033748383333333334;0,002769532;0,002665772;0,0025504966666666665
787,5705200603625;0,004151124;0,003358724333333333;0,002878418;0,002783692;0,002537923833333333
786,7764197945866;0,004036622;0,0033123785;0,002891358;0,002622071;0,0025272623333333333
786,1144911333472;0,004144776;0,0033437023999999997;0,002949219;0,002798829;0,002501563
785,3199628163064;0,004159668;0,0033268645000000003;0,002944093;0,002729004;0,002571452
784,5252013508969;0,004211915;0,003343099;0,002807374;0,002561768;0,0024381516666666667
783,7302069730695;0,004319092;0,0034428311666666665;0,002909668;0,002695313;0,0024788413333333334
782,9349799188453;0,004253663;0,0033776866666666667;0,002819092;0,002640381;0,0024308675000000004
782,2721131384022;0,004223145;0,0033772466;0,002884278;0,002570557;0,0024473634
781,4764601240105;0,004298829;0,0034035246666666665;0,002980225;0,00269751;0,002515218333333333
780,6805751023214;0,004249024;0,003410400833333333;0,002829102;0,002574463;0,002444133166666667
779,88445830962;0,00427295;0,0033992923333333335;0,00286377;0,00256543;0,002379476
779,08810998226;0,004311036;0,003376018;0,002903321;0,002650391;0,002432333
778,2915303566641;0,004171876;0,003319337;0,002811279;0,002618408;0,0023907066666666666
777,6275374864629;0,004326172;0,003384815;0,002864014;0,00275;0,002482227
776,8305344283706;0,004313233;0,0033496915;0,002872559;0,002861084;0,0025869546666666666
776,0333007422786;0,004256104;0,003354329666666667;0,002874512;0,002809327;0,0024935305
775,2358366648724;0,004334718;0,0035464278333333333;0,002919678;0,002891358;0,00253536
774,4381424329058;0,004183106;0,0034741623333333334;0,002914063;0,002740235;0,002439046833333333
773,7732215979422;0,004283937;0,003441797;0,002881592;0,002689454;0,0024143074
772,9751060310767;0,004328858;0,003407064;0,003039307;0,002792725;0,0025273033333333334
772,1767609808239;0,004229737;0,003317424166666667;0,002958741;0,002573242;0,0023781331666666667
771,3781866841992;0,004232422;0,0033693445;0,002872071;0,002715333;0,0024737550000000002
770,5793833782857;0,004299805;0,0034398203333333333;0,002916749;0,002702881;0,0025933435000000003
769,913539190131;0,004194336;0,003368979;0,00285791;0,002605469;0,0024993658
769,1143166498388;0,004254395;0,0033409676;0,002810791;0,002658204;0,0025428061666666665
768,3148657723629;0,004234132;0,0034189048333333333;0,002823731;0,002701416;0,0025632331666666664
767,515186795047;0,004136964;0,003387248;0,002746826;0,00266919;0,0024269215
766,7152799553028;0,004291261;0,0035008141666666667;0,002919434;0,002599122;0,0024551599999999996
765,9151454906088;0,004162598;0,0033347585;0,002779053;0,002543213;0,0024231773333333335
765,2481930612366;0,004125;0,0033312016;0,0027771;0,002624756;0,0023489262
764,447641901145;0,00416919;0,0033182781666666666;0,002917481;0,002624023;0,0022855233333333334
763,6468637893275;0,004146973;0,003316813333333333;0,002740235;0,002472657;0,0022626956666666666
762,8458589635218;0,004120606;0,0032494313333333337;0,002698731;0,002386963;0,0022518716666666667
762,0446276615328;0,004162354;0,0032576101666666668;0,002747559;0,002502198;0,002240885666666667
761,3767620788465;0,004055909;0,0032625495999999998;0,002669434;0,002452393;0,0021903812
760,5751161883769;0,004028565;0,0032333993333333332;0,002675782;0,002594971;0,002302938
759,7732444958699;0,004069337;0,0032694508333333335;0,00263501;0,002410889;0,002284750166666667
758,9711472393875;0,004063233;0,0031942146666666667;0,002555909;0,002430176;0,0022152915
758,168824657059;0,004024171;0,0032179776666666667;0,002600586;0,002479004;0,0022100425
757,3662769870805;0,00387671;0,0030897633333333333;0,0025010993333333333;0,002351807;0,002102986833333333
756,6973154920366;0,003969483;0,0031054698000000003;0,002521241;0,002322754;0,002064307
755,8943557802367;0,003888673;0,0031774503333333332;0,002594727;0,002346192;0,0021434731666666665
755,0911716560386;0,00373169;0,0030253096666666666;0,002371826;0,002292725;0,002085896833333333
754,2877633578945;0,003701172;0,0029368903333333333;0,002327393;0,002314942;0,0019888508333333337
753,4841311243225;0,003760743;0,0028903811666666666;0,002327149;0,002358887;0,0020257161666666665
752,8142667066863;0,003573731;0,0028270514000000003;0,002290039;0,002203125;0,0019482914
752,0102245445365;0,003621094;0,0029018965000000003;0,002342041;0,002105469;0,0019240316666666668
751,2059591231218;0,003666505;0,0028496913333333337;0,002416992;0,002158936;0,0019382323333333334
750,4014706812161;0,003538331;0,0027972415;0,00230835;0,002075928;0,0019165445
749,5967594576576;0,003659668;0,0028835451666666665;0,002378418;0,00215918;0,0019333901666666667
748,9259967632865;0,003548341;0,002820508;0,002180176;0,002142334;0,0018441896
748,1208777272368;0,003583985;0,002862915666666667;0,002266602;0,002229004;0,0019385993333333334
747,3155365866047;0,00375171;0,0028795573333333336;0,002300049;0,002256592;0,002012614833333333
746,5099735804823;0,003613038;0,0027188318333333334;0,002186524;0,002178223;0,0018452968333333333
745,7041889480279;0,00367627;0,0027605798333333333;0,002160645;0,00220459;0,00191215
744,8981829284658;0,003717774;0,0028376468333333334;0,002278809;0,00221753;0,0020308845000000003
744,2263423029791;0,00365088;0,0027915044;0,002098145;0,002105225;0,0019284676
743,419931028588;0,003699708;0,002788046;0,002302979;0,002186768;0,0019591883333333333
742,6132990452473;0,00368628;0,0027386073333333333;0,002407959;0,002257081;0,0019376635
741,806446592432;0,003758545;0,0027628586666666663;0,002353028;0,002218018;0,0019431156666666668
740,9993739096835;0,003847657;0,0029058843333333332;0,002408936;0,002070069;0,0020668136666666666
740,3266452823894;0,003783448;0,0028067388;0,002237793;0,002050538;0,001993409
739,5191694671211;0,003825684;0,002789592;0,002234864;0,00210962;0,0018719483333333334
738,7114741009735;0,003922364;0,0028211676666666666;0,00235791;0,002185791;0,0019331056666666668
737,9035594237386;0,003785645;0,002841146666666667;0,002233887;0,002090821;0,0017925623333333333
737,0954256752718;0,003781739;0,0028293458333333334;0,002218018;0,002015625;0,0017530926666666667
736,4218137118927;0,003962647;0,0027920416;0,002302735;0,002149658;0,0018852546
735,6132789560113;0,003874512;0,002784058;0,002178955;0,001982422;0,0017630620000000001
734,8045258088443;0,003769532;0,002804931666666667;0,002197999;0,001972168;0,0018033448333333335
733,9955545104971;0,003856202;0,002720988666666667;0,002192383;0,001991455;0,001776937
733,1863653011396;0,003743897;0,002800619166666667;0,002238037;0,001941651;0,0017256673333333333
732,376958421007;0,003850342;0,0028770348333333334;0,0022146;0,00198584;0,0018958743333333332
731,7022865846386;0,00370337;0,0028112792;0,002045655;0,001915039;0,0017722658
730,8924812655754;0,003684815;0,0027374678333333333;0,002058106;0,001894776;0,0017663986666666667
730,0824589567525;0,003791016;0,0028846438333333334;0,002150147;0,001973389;0,0017504073333333334
729,2722198986519;0,003700928;0,002726440833333333;0,002098877;0,001730713;0,0016931566666666667
728,4617643318205;0,003656495;0,0027328295;0,002105469;0,001798096;0,0016816005
727,7862194777673;0,00382251;0,0028069344;0,002177735;0,00192749;0,0017343266
726,9753676032282;0,003652833;0,0027538655;0,002035889;0,001802002;0,0017196865
726,1642999018551;0,003697999;0,0028270675;0,002181641;0,00188086;0,0017096361666666666
725,3530166144404;0,003684083;0,0027268888333333336;0,002090577;0,001810547;0,001689006
724,5415179818407;0,003678224;0,0026282966666666668;0,001966309;0,001791504;0,0016752931666666666
723,8651047953571;0,003747559;0,0027970708000000003;0,002108643;0,001939209;0,0017010744
723,0532119890212;0,003659913;0,002580973833333333;0,00203003;0,001783692;0,0016894938333333334
722,2411045202737;0,003620606;0,0025576583333333336;0,00207666;0,001797608;0,0016784668333333333
721,4287826302159;0,00379297;0,0025795495;0,002143311;0,001896485;0,0017156578333333333
720,6162465600124;0,003727296;0,0024822589999999997;0,002066407;0,00177417;0,0016755781666666666
719,8034965508919;0,00366211;0,002505493;0,00204419;0,001747559;0,0016649985
719,126041625141;0,003735352;0,00258252;0,002072998;0,001788819;0,001664795
718,3129000214066;0,003576661;0,0024696049999999997;0,001933838;0,001713135;0,0016782225
717,49954516258;0,003603028;0,0025955814999999998;0,00199585;0,001721436;0,001685588
716,6859772901327;0,003715821;0,0026151944999999997;0,001979981;0,001682618;0,0016804206666666667
715,8721966455992;0,003654786;0,0024913738333333336;0,001823731;0,001676514;0,0016846925
715,1938837485548;0,003659668;0,0026475098;0,001831055;0,001695069;0,0017203614
714,3797136493927;0,003539795;0,0026157228333333333;0,001737793;0,00167212;0,001685059
713,5653314628358;0,003546876;0,0025380861666666667;0,001791504;0,001709229;0,0016850183333333333
712,7507374306605;0,003704102;0,0026475016666666668;0,001775147;0,001678955;0,0016780196666666667
711,9359317947059;0,003699952;0,0025616050000000002;0,001694336;0,001652344;0,0016974283333333333
711,2567656308199;0,003532959;0,002551921;0,001769531;0,001674724;0,0016837566666666665
710,4415726829229;0,003610596;0,002497754;0,001778077;0,001688721;0,001681641
709,6261688167991;0,003562012;0,0024436035;0,001707764;0,001674073;0,00168396
708,8105542745284;0,003598633;0,0025265301666666665;0,001729248;0,001670411;0,0016682128333333334
707,9947292982532;0,00348877;0,0024852705;0,001885743;0,001686524;0,0016754156666666667
707,1786941301782;0,003534424;0,0024652515;0,001747071;0,001666016;0,0016573493333333332
706,4985044350508;0,003503907;0,0024528816;0,00173462;0,001668946;0,0016738281999999999
705,6820845446096;0,003428956;0,0024432785;0,001693848;0,001672852;0,0016858725
704,8654551489544;0,003426514;0,00234607;0,001689942;0,001662842;0,0016764735000000001
704,0486164905285;0,003420167;0,0023120525;0,001714844;0,001666993;0,001674927
703,2315688118377;0,003405518;0,002259237;0,001708741;0,001675049;0,001680339
702,5505362530031;0,003466065;0,0022494632;0,001691651;0,001675782;0,001659717
701,7331060005407;0,003551514;0,0023148195;0,001740235;0,001677735;0,0016638595000000001
700,91546741525;0,003500733;0,0022515876666666665;0,001690674;0,001653565;0,0016401369999999998
700,097620739874;0,003547608;0,0022701015;0,00171753;0,001672608;0,0016643066666666667
699,2795662172175;0,003414795;0,0021657718333333333;0,00170337;0,001650879;0,0016549076666666667
698,4613040901479;0,003396729;0,0021502691666666664;0,001694092;0,001625977;0,0016386318333333333
697,7792605728105;0,003564698;0,0022303224;0,001733155;0,001660645;0,0016721198
696,9606184686324;0,003452882;0,0021926274999999997;0,001705323;0,00165625;0,0016591805
696,1417694484977;0,003442139;0,0022053638333333334;0,001719971;0,001680664;0,001658041
695,322713755509;0,003559327;0,0022572026666666666;0,001699463;0,00169043;0,001670492
694,50345163283;0,003315675;0,0021925461666666667;0,001670899;0,001689453;0,001659017
693,8205756833905;0,00327002;0,0021453134;0,001664795;0,001652588;0,0016406252
693,0009357380338;0,003322266;0,0023068855;0,001684082;0,001666016;0,0016293948333333335
692,1810900522838;0,003279298;0,002234009333333333;0,001674805;0,001652832;0,0016309816666666668
691,3610388695394;0,003328125;0,0022746986666666667;0,001660156;0,001689942;0,001639527
690,5407824332597;0,003343262;0,002201253166666667;0,001699951;0,001657471;0,0016506756666666666
689,857078787818;0,00321167;0,002155762;0,001693604;0,001658447;0,0016615727999999999
689,036446685911;0,003350831;0,002251221166666667;0,001685059;0,001670411;0,0016636156666666668
688,2156100206017;0,003269776;0,0021411131666666666;0,001697754;0,001653565;0,0016265466666666667
687,3945690355823;0,0032771;0,0020838625;0,001672608;0,001661377;0,0016472168333333333
686,5733239746066;0,003315675;0,0020705161666666663;0,001684327;0,001675293;0,0016609703333333333
685,7518750814882;0,003222657;0,0020212811666666664;0,001682129;0,001669922;0,0016505946666666666
685,0671788080554;0,003317872;0,0020166022000000002;0,001675049;0,001661377;0,0016565924
684,2453568561152;0,003367432;0,0020507813333333334;0,001642579;0,001685791;0,001639567
683,423331763167;0,003235596;0,0019462888333333333;0,00162378;0,001655274;0,0016530353333333333
682,6011037732562;0,003213135;0,0019360761666666667;0,001647949;0,001676514;0,001634929
681,7786731304886;0,003179932;0,0019993086666666667;0,001658936;0,001657715;0,0016723226666666667
681,0931596334017;0,003241456;0,001995459;0,001650391;0,001637207;0,0016781256
680,2703580945929;0,003228028;0,0019597166666666666;0,001623535;0,001666016;0,0016620285
679,4473545948869;0,003084961;0,0019277348333333333;0,001665772;0,001638916;0,0016143801666666667
678,6241493786192;0,003014161;0,0018788655;0,001671875;0,001649903;0,0016378173333333333
677,8007426901862;0,003051514;0,0019097903333333333;0,001668701;0,001673584;0,0016625978333333334
677,1144167238376;0,003059327;0,001871045;0,00168335;0,00167212;0,0016498536
676,2906413047164;0,003028077;0,0018040366666666665;0,001658936;0,001673828;0,0016427003333333331
675,4666651062092;0,003039551;0,0017840173333333333;0,001671387;0,001645752;0,0016561283333333334
674,6424883729409;0,003017334;0,0017464195;0,001644043;0,001678955;0,0016507976666666666
673,8181113495955;0,003015137;0,0017632655;0,001648194;0,001651368;0,0016330975
672,9935342809171;0,003017823;0,0018234053333333333;0,001668213;0,001640625;0,0016429038333333334
672,3062340878892;0,002979249;0,001777637;0,001645752;0,001662842;0,0016550784
671,481290905284;0,003102051;0,0018712571666666667;0,001675782;0,001670411;0,0016466885
670,6561483711085;0,003010254;0,0018431805;0,001656983;0,001654541;0,0016524661666666666
669,8308067303337;0,002846924;0,0017600103333333334;0,001677246;0,001654541;0,0016587321666666666
669,00526622799;0,002857422;0,0018413903333333332;0,001658692;0,001646973;0,0016496988333333333
668,3171640780449;0,002753418;0,0017455568;0,001672364;0,00165625;0,0016453618
667,4912596327515;0,002900635;0,0017731528333333334;0,001658692;0,001675782;0,001632976
666,6651570204613;0,002974854;0,0018747565000000002;0,001665283;0,001658936;0,0016481126666666667
665,8388564864301;0,002741211;0,0017640379999999999;0,001636719;0,001669678;0,001641032
665,0123582759734;0,002810791;0,0017604576666666667;0,001639649;0,001660156;0,0016708576666666667
664,3234589414574;0,002834473;0,001754639;0,001670655;0,001662801;0,001684082
663,4965989615517;0,002784913;0,001750684;0,001650635;0,001632813;0,0016503912
662,6695420005974;0,002766602;0,0017428386666666668;0,001651123;0,001648926;0,001639079
661,8422883041336;0,002597901;0,0017104901666666666;0,00164502;0,001650147;0,0016588136666666668
661,0148381177584;0,002577637;0,0016640626666666668;0,001650879;0,001658204;0,0016457520000000001
660,1871916871277;0,002682373;0,0016914068333333334;0,001651123;0,001662842;0,0016761064999999999
659,4973365967318;0,002494385;0,0016975102;0,001646973;0,001664307;0,0016371586
658,669331023183;0,002465088;0,0017019451666666666;0,001668946;0,001635254;0,001646078
657,8411299017206;0,002562988;0,0017201743333333333;0,001639405;0,001625245;0,0016397711666666665
657,0127334782239;0,002461426;0,0016925055000000001;0,001648438;0,001651856;0,0016547859999999999
656,1841419986297;0,002566895;0,0016938075;0,001646729;0,001660156;0,0016565756666666667
655,4935002752537;0,002563477;0,0016853514;0,001672608;0,001640381;0,0016623052
654,6645518317596;0,002535889;0,001681641;0,001663086;0,001659912;0,0016487631666666665
653,8354090293036;0,002588868;0,0016860761666666667;0,001660156;0,001643555;0,0016361903333333334
653,0060721140449;0,002537842;0,0016678878333333332;0,00166211;0,001652832;0,0016531988333333331
652,1765413321996;0,00253711;0,001682373;0,001655518;0,001647461;0,001656983
651,3468169300411;0,002607666;0,0016681316666666667;0,001649903;0,001648438;0,0016614588333333333
650,6552322015509;0,002446778;0,001655567;0,001651612;0,001652344;0,001655518
649,8251534686378;0,002412354;0,0016545418333333334;0,001628174;0,001641602;0,0016519781666666667
648,9948818134993;0,002488526;0,0016897793333333334;0,001657715;0,001630372;0,0016656495
648,1644174826298;0,002302979;0,0016693121666666666;0,001663819;0,001629883;0,0016275636666666668
647,3337607225795;0,002440186;0,0016603598333333333;0,001647949;0,001659668;0,0016236575
646,6413999392722;0,002487061;0,0016868168000000001;0,00167334;0,001629883;0,0016481447999999999
645,8103910329289;0,00243042;0,0016834315000000002;0,001637696;0,0016521;0,0016499838333333332
644,9791903962763;0,002465577;0,001662272;0,001661621;0,001622803;0,0016644291666666666
644,1477982760839;0,002317139;0,0016855061666666666;0,001631104;0,00162378;0,0016609701666666667
643,3162149191783;0,002347656;0,001664063;0,001634766;0,001641114;0,0016739096666666666
642,6230828829355;0,002503418;0,0016602544;0,001665283;0,00164209;0,001655274
641,7911495666402;0,002411133;0,0016663416666666668;0,001632569;0,001643067;0,001641968
640,9590257132816;0,002343995;0,0016691085;0,00164087;0,001617676;0,0016409918333333334
640,1267115699028;0,002375733;0,0016673998333333333;0,001659668;0,001641114;0,0016105965
639,2942073836042;0,002410889;0,0016657721666666668;0,001633301;0,001625489;0,0016376546666666666
638,4615134015424;0,00235254;0,001675293;0,001656739;0,001642334;0,0016326911666666665
637,7674569452997;0,002424073;0,0016915044;0,001638428;0,00163208;0,0016333016
636,9344156464462;0,002351319;0,0016696373333333334;0,001650635;0,001651123;0,0016301681666666668
636,1011852524119;0,002442139;0,0016631268333333333;0,001646241;0,001641602;0,0016542158333333332
635,2677660105694;0,002251221;0,0016422936666666667;0,001654541;0,00164087;0,0016599933333333334
634,4341581683469;0,002266602;0,0016689048333333335;0,00165918;0,001634766;0,0016605635
633,7393410753058;0,002424317;0,0016721194;0,001629883;0,001638916;0,001657129
632,9053881085315;0,00222754;0,0016585695;0,001635742;0,001636475;0,0016481125
632,0712472427277;0,002290039;0,0016759443333333333;0,001657227;0,001650879;0,00164384
631,2369187255367;0,002236084;0,0016764736666666667;0,001641358;0,001634766;0,0016402593333333334
630,4024028046567;0,00225293;0,0016599128333333333;0,001634034;0,001656739;0,0016542973333333335
629,706829893735;0,002300049;0,0016625982;0,001645752;0,001637207;0,0016431646
628,8719710429372;0,002320313;0,001654908;0,001639893;0,001645996;0,0016378181666666667
628,0369254905637;0,002252198;0,0016719978333333333;0,001649903;0,001634522;0,001655152
627,2016934845261;0,00236792;0,001685547;0,001661133;0,001638184;0,0016365153333333332
626,3662752727903;0,002320801;0,0016563725;0,001660401;0,001669434;0,0016475424999999998
625,5306711033782;0,002294434;0,001673137;0,001636475;0,001631104;0,0016410733333333334
624,8341924235058;0,002244873;0,0016693366;0,00161792;0,001645996;0,0016444337999999999
623,9982479760375;0,002224854;0,0016647953333333333;0,001650147;0,001622559;0,0016341553333333334
623,1621182739209;0,002222413;0,0016545411666666666;0,001640381;0,001640381;0,0016477051666666668
622,3258035653886;0,002408448;0,0016743571666666666;0,001667969;0,001668701;0,001652914
621,4893040987286;0,002326172;0,0016437176666666666;0,001638916;0,001652832;0,0016352135000000001
620,7920802543294;0,002455567;0,0016607422;0,001633789;0,001633301;0,0016392096
619,9552427094758;0,002485108;0,0016624755;0,001633789;0,001659668;0,0016415206666666668
619,1182211102741;0,002371583;0,001666911;0,001643555;0,001642334;0,0016336669999999999
618,2810157052223;0,002456543;0,0016761073333333334;0,001634034;0,001641114;0,0016442875
617,4436267428725;0,002384033;0,0016675625000000002;0,001638672;0,001625489;0,0016471356666666668
616,7456625695567;0,00232544;0,001661296;0,001630372;0,0016452231666666665;0,0016499843333333333
615,9079377312204;0,002284424;0,0016492192;0,001659668;0,001651856;0,0016496096
615,0700300401135;0,002190674;0,0016662598333333333;0,001619873;0,001654541;0,00166626
614,2319397449966;0,00217041;0,0016579593333333332;0,001638672;0,00163794;0,0016222738333333334
613,3936670946847;0,002247315;0,0016492104999999999;0,001655274;0,001646241;0,0016217446666666666
612,555212338047;0,002206543;0,0016585290000000002;0,001643555;0,001632813;0,0016444908333333333
611,8563611114344;0,002202637;0,0016485354;0,001654541;0,001654053;0,0016264164
611,0175731397471;0,002257081;0,0016703288333333333;0,00165503;0,001641114;0,0016686608333333333
610,1786037671566;0,00219336;0,0016702071666666667;0,001631592;0,001641846;0,0016560471666666667
609,339453242739;0,002326661;0,0016559658333333332;0,001646485;0,001623291;0,0016550703333333334
608,5001218156239;0,002312744;0,0016673585;0,001655274;0,00162793;0,001638672
607,8005409499059;0,002247071;0,0016730956;0,00165625;0,001641114;0,0016395507999999999
606,9608785150689;0,002324952;0,0016522621666666666;0,001621094;0,001660889;0,0016204833333333332
606,1210358836935;0,002210938;0,0016870123333333335;0,001629883;0,001598145;0,0016392416666666668
605,2810133051149;0,002204346;0,0016626791666666666;0,001642579;0,001655518;0,0016403406666666666
604,440811028722;0,002355713;0,0016723225;0,001636475;0,001653809;0,0016571456666666668
603,6004293039562;0,002240967;0,0016757411666666667;0,001682861;0,001638428;0,0016466066666666666
602,899974301364;0,002292725;0,0016595708;0,001638672;0,001628662;0,0016354006
602,0592642359485;0,002268311;0,0016656904999999998;0,001640137;0,001646973;0,001673991
601,2183754292018;0,002198731;0,0016545008333333333;0,001628174;0,001644776;0,0016581223333333333
600,3773081307701;0,0021875;0,0016705735;0,001652344;0,001630127;0,0016405035
599,536062590352;0,002172364;0,0016822511666666666;0,001647461;0,001644287;0,0016438400000000001
598,8348886631126;0,002219483;0,0016480964;0,001640137;0,001649414;0,0016270512
597,9933169944179;0,002230713;0,0016529951666666668;0,00163208;0,001661865;0,0016451423333333332
597,1515677915042;0,002006348;0,0016409103333333334;0,00161084;0,001631592;0,0016390789999999999
596,3096413042725;0,001976075;0,0016580816666666668;0,001652344;0,001642334;0,0016400146666666667
595,4675377826765;0,002092285;0,0016499025000000001;0,001637696;0,001631104;0,0016457116666666665
594,7656497937953;0,001987793;0,0016605474;0,001642579;0,001636231;0,001648877
593,9232223585586;0,002025147;0,0016593423333333332;0,001638916;0,001654541;0,0016424973333333333
593,0806185974458;0,002047364;0,0016600753333333332;0,001670166;0,001645264;0,0016492515
592,2378387606117;0,002026612;0,0016626385;0,001633789;0,001617676;0,0016492515
591,3948830982634;0,002103516;0,0016510826666666666;0,001664795;0,001618653;0,0016342776666666667
590,5517518606607;0,002056153;0,0016503095;0,001639649;0,001637452;0,0016466071666666666
589,8490085565915;0,001973877;0,0016721198;0,001640381;0,001662354;0,0016613774
589,0055560811742;0,002065674;0,0016563318333333334;0,001648438;0,001651368;0,0016516928333333333
588,1619287398536;0,002058106;0,0016559658333333332;0,001651368;0,001635254;0,0016595458333333334
587,3181267830885;0,002043458;0,0016642665;0,001652588;0,001650147;0,0016376143333333335
586,4741504613896;0,002008301;0,0016700445;0,001661377;0,001648682;0,0016370855
585,7707038453054;0,001960205;0,0016611334;0,001658447;0,001666016;0,001645752
584,9264085053649;0,001904541;0,001633057;0,001634034;0,001632325;0,0016145433333333333
584,0819395105519;0,00194043;0,0016614991666666667;0,001644532;0,001660401;0,0016461593333333333
583,237297111575;0,001899903;0,0016745205;0,001646729;0,001629883;0,0016387531666666665
582,3924815591944;0,002080811;0,0016692711666666667;0,001633545;0,00162378;0,0016467286666666666
581,6883365098628;0,001931397;0,0016642578;0,001659668;0,001632325;0,001658106
580,843204161026;0,001839356;0,0016621091666666667;0,001629883;0,001625977;0,0016481934999999998
579,9978993695515;0,001923584;0,0016563724999999999;0,001644532;0,001643799;0,0016370036666666667
579,1524223863968;0,001924805;0,0016477465;0,001633545;0,001637207;0,0016545815
578,306773462569;0,001882813;0,0016574301666666667;0,00163794;0,001608643;0,001654582
577,4609528491278;0,001964356;0,0016598713333333332;0,001636475;0,001647705;0,001645264
576,7559713673006;0,001853272;0,0016528808;0,001648194;0,001638672;0,0016330086
575,9098366417928;0,001898438;0,0016724855;0,001634522;0,001644287;0,0016496995
575,063530938282;0,001997071;0,0016641438333333334;0,001630372;0,001669922;0,0016440025
574,2170545080221;0,001845459;0,0016579593333333335;0,001635987;0,001662598;0,00164738
573,3704076023176;0,001889649;0,0016655686666666666;0,00164087;0,001644043;0,001645183
572,6647384712717;0,001883545;0,0016719242;0,001654786;0,001654541;0,001652344
571,8177796801147;0,001856202;0,001664551;0,001629151;0,001647949;0,0016567386666666668
570,9706511258175;0,001939942;0,0016671145;0,001618165;0,001637452;0,001657227
570,123353059879;0,001916748;0,0016671556666666668;0,001634278;0,001643067;0,0016574303333333333
569,2758857338474;0,001932862;0,001624878;0,001651368;0,001624268;0,0016680501666666667
568,569533847765;0,002099365;0,0016441243333333334;0,001637696;0,0016299646666666666;0,0016599126666666667
567,7217568650576;0,001986572;0,0016495606;0,001648926;0,001637207;0,0016192388000000001
566,8738113352512;0,001991455;0,0016511235;0,001641602;0,001637207;0,0016410728333333335
566,0256975100863;0,002087159;0,0016595868333333333;0,001653077;0,001649659;0,0016752928333333334
565,177415641354;0,002029541;0,0016562505;0,001643067;0,001630372;0,0016477463333333332
564,3289659808948;0,001979248;0,001670329;0,001635987;0,001659912;0,0016392823333333333
563,6217966046684;0,001848877;0,0016543952;0,001643311;0,001648438;0,0016434088
562,773039980295;0,001966797;0,0016714281666666666;0,001619141;0,001627686;0,0016640628333333333
561,9241162780139;0,001967774;0,0016810711666666667;0,001639161;0,001637452;0,0016496581666666666
561,0750257498563;0,001879151;0,0016597498333333334;0,001634522;0,00161377;0,0016468101666666666
560,2257686479028;0,001883057;0,0016528323333333333;0,001663575;0,001629639;0,0016465663333333333
559,5179273343011;0,001949219;0,0016519536;0,001648194;0,001653565;0,0016482426
558,6683655019292;0,001853516;0,0016654868333333332;0,001650635;0,001646241;0,0016525478333333332
557,8186378102588;0,001830811;0,001656413;0,001646973;0,001632569;0,0016301276666666666
556,9687445115595;0,001837403;0,001625163;0,001638916;0,001645752;0,0016450198333333333
556,1186858581509;0,001796875;0,00165621;0,001627442;0,001626221;0,001645671
555,268462102401;0,001931397;0,0016436366666666667;0,0016542566666666667;0,00163086;0,0016480716666666668
554,5598163682037;0,001799317;0,0016476569999999999;0,001639405;0,001651123;0,0016420412
553,7092905804467;0,001785401;0,001649659;0,001637207;0,001668213;0,0016682535
552,8586004056577;0,001899414;0,0016590173333333334;0,001651612;0,001643799;0,0016781005
552,0077460963923;0,00175293;0,0016724856666666666;0,001633545;0,001635498;0,0016563724999999999
551,1567279052549;0,001710938;0,0016560875;0,001639649;0,001644287;0,0016599935
550,447421074041;0,001749268;0,0016390623999999999;0,001638672;0,001661865;0,001644629
549,596103089036;0,001697998;0,0016566978333333333;0,001642334;0,001642823;0,0016468918333333333
548,7446219381355;0,001695557;0,0016419681666666667;0,00163501;0,001619629;0,0016528731666666666
547,8929778741299;0,001845703;0,0016739914999999998;0,001638184;0,001639405;0,0016645915
547,0411711498582;0,00170337;0,0016402588333333332;0,001645508;0,001630127;0,0016616621666666667
546,3312081410393;0,001793213;0,0016600104;0,00163208;0,001636963;0,0016598634
545,4791038631187;0,001771973;0,0016663821666666667;0,001646973;0,001605225;0,0016503096666666665
544,6268376415708;0,001722412;0,0016473391666666668;0,001631592;0,001638672;0,0016376546666666666
543,7744097294192;0,001824707;0,0016386725;0,001624512;0,001643311;0,001652588
542,9218203797353;0,001861572;0,0016486818333333333;0,001641846;0,001642334;0,0016600751666666666
542,069069845639;0,001736084;0,0016545415;0,001634278;0,001614258;0,0016596681666666668
541,3583214562232;0,001782959;0,0016720708000000002;0,00166626;0,001643799;0,0016418464
540,5052760749368;0,001830811;0,0016632491666666667;0,001634034;0,001654786;0,0016468103333333334
539,6520702266696;0,001834473;0,0016470133333333333;0,001622803;0,001638184;0,001669637
538,7987041647237;0,001918702;0,0016689045;0,001657471;0,001631836;0,0016542971666666667
537,9451781424499;0,001876709;0,0016510421666666667;0,001623047;0,001634034;0,001628011
537,2337844481165;0,001869873;0,0016414066;0,001636719;0,001625733;0,0016221678
536,3799658234047;0,001770752;0,0016566161666666667;0,001652344;0,00166626;0,0016496993333333333
535,5259879564476;0,001827149;0,0016645920000000001;0,00163086;0,001624268;0,0016489665
534,671851100777;0,001911621;0,0016512863333333332;0,00165625;0,001651123;0,001652995
533,8175555099717;0,001793457;0,0016657313333333333;0,001641846;0,001645752;0,0016479496666666666
533,1055214446056;0,001801026;0,0016477052;0,00163086;0,001644532;0,0016424322000000002
532,250935498144;0,001894043;0,0016323656666666665;0,001650147;0,001634034;0,0016576338333333333
531,3961915352772;0,001801026;0,0016566161666666667;0,001634766;0,001646485;0,0016507165000000002
530,5412898097646;0,001799073;0,0016531175000000001;0,001636231;0,001633789;0,0016440028333333334
529,6862305754116;0,001810303;0,0016692713333333333;0,001643555;0,001644043;0,0016560878333333334
528,8310140860717;0,001764649;0,0016476245;0,001650147;0,001642579;0,0016487228333333334
528,1182137361254;0,001761963;0,001661719;0,001639161;0,001644776;0,001627393
527,2627096054424;0,001719727;0,0016475831666666668;0,001636963;0,001661865;0,0016361898333333335
526,4070489392751;0,00168335;0,0016421715;0,001642823;0,001618897;0,0016503093333333334
525,551231991655;0,00176294;0,0016566976666666667;0,001677002;0,001615235;0,0016084396666666667
524,6952590166593;0,001703614;0,001644613;0,001639893;0,001631592;0,0016455900000000002
523,9818291999212;0,001706055;0,0016484380000000001;0,00164502;0,001635254;0,0016549812
523,1255708347876;0,001772217;0,001653402;0,001663575;0,001654053;0,0016538091666666668
522,2691571624171;0,001705079;0,0016542563333333334;0,001645264;0,001645508;0,00165682
521,4125884370644;0,00171167;0,0016591795000000002;0,001633301;0,001631836;0,0016340743333333333
520,5558649130306;0,001787598;0,0016599526666666667;0,001649659;0,001659912;0,00165564
519,8418105775071;0,001786133;0,0016481936;0,001664063;0,001662842;0,0016536626
518,9848039165196;0,001754395;0,0016727298333333333;0,001648682;0,001636475;0,0016449385
518,1276431776196;0,001782959;0,0016680505;0,001637207;0,001641602;0,0016575933333333333
517,2703286152838;0,00176709;0,0016857509999999999;0,001620362;0,001638184;0,001657756
516,4128604840342;0,001792481;0,0016620279999999999;0,001634278;0,001651123;0,0016482753333333334
515,5552390384394;0,001807862;0,0016457115;0,001664063;0,001640625;0,0016334641666666666
514,8404375690081;0,00170459;0,0016437502;0,00162793;0,00163501;0,001651172
513,9825357084337;0,001741944;0,0016383056666666666;0,001633789;0,001645508;0,0016643883333333333
513,1244812550366;0,001709717;0,001622762;0,001641358;0,001647461;0,0016444501666666668
512,2662744635586;0,001706299;0,0016442871666666665;0,001642579;0,001648926;0,0016737061666666666
511,40791558878726;0,00174292;0,0016566983333333332;0,00160669;0,001638916;0,0016417649999999999
510,69250053558727;0,001733643;0,0016562504;0,001647461;0,001643555;0,0016572756
509,8338635033334;0,001795899;0,0016573895;0,001642334;0,001640625;0,0016409101666666668
508,9750751099283;0,001733155;0,0016424566666666668;0,001668213;0,001647217;0,0016407475
508,11613561033175;0,001763672;0,0016339116666666668;0,001623535;0,001644532;0,0016477053333333333
507,2570452595485;0,001776123;0,0016482755;0,00166333;0,001634278;0,0016552326666666665
506,39780431262835;0,001700928;0,0016348880000000001;0,0016278485;0,001613281;0,0016569014999999999
505,6816553355157;0,001711182;0,0016343263999999999;0,001643311;0,001620606;0,0016403814
504,8221389582462;0,001680664;0,0016630858333333335;0,001630372;0,001658692;0,0016403001666666665
503,96247270772284;0,001678223;0,0016469326666666666;0,001623047;0,001618897;0,0016655281666666665
503,1026568391657;0,001669922;0,0016427823333333333;0,001632813;0,001637207;0,0016641035
502,2426916078402;0,001690674;0,0016458746666666666;0,001646241;0,001638916;0,0016528728333333334
501,5259400027013;0,001689942;0,0016677738;0,001623291;0,001650391;0,0016389654
500,66570160276035;0,001682373;0,0016651618333333334;0,001634522;0,001646485;0,0016447353333333334
499,80531456354197;0,001708496;0,0016222741666666667;0,001666993;0,001670411;0,0016483158333333334
498,9447791404808;0,001699951;0,0016349698333333333;0,001617432;0,001653809;0,0016385095
498,08409558905555;0,001697266;0,0016623543333333334;0,001634034;0,001631836;0,0016588541666666665
497,3667463269352;0,001668946;0,001656641;0,001628174;0,001631104;0,0016578612
496,5057918705229;0,001682373;0,0016438805;0,001627442;0,001619629;0,0016660565000000001
495,64469000984076;0,00171167;0,0016548668333333334;0,001660889;0,001634766;0,001660034
494,78344100053584;0,001670166;0,0016523851666666667;0,001633545;0,00164917;0,001660482
493,9220450982984;0,001668701;0,001649333;0,001627686;0,001642334;0,0016393231666666666
493,0605025588626;0,001675293;0,0016554368333333333;0,001644043;0,00164087;0,0016451825
492,34243861266907;0,001692871;0,0016573246;0,001664795;0,001645996;0,0016503418
491,4806279027121;0,001692139;0,0016507568333333335;0,001643311;0,00164087;0,0016507163333333331
490,6186712803726;0,001672852;0,001660604;0,001654053;0,001661133;0,0016679283333333333
489,7565690015511;0,001680908;0,0016514486666666666;0,001644532;0,001614746;0,0016463628333333335
488,89432132219156;0,001682129;0,00164266;0,001629395;0,001664063;0,001656413
488,1756707042169;0,001679444;0,0016521004;0,001661865;0,001664551;0,0016691896
487,31315712208993;0,00166919;0,0016452235;0,001642823;0,001633789;0,0016610518333333333
486,4504988648328;0,001678467;0,0016431076666666667;0,00166211;0,001669434;0,0016603601666666666
485,5876961885545;0,001660889;0,0016530361666666667;0,001619385;0,001614258;0,0016545416666666666
484,7247493494067;0,001666993;0,0016527916666666668;0,001652832;0,001640137;0,0016333826666666668
484,00551704386635;0,001690674;0,0016474616;0,001656006;0,001648926;0,0016573246000000002
483,14230657154917;0,001646485;0,0016647543333333332;0,001657959;0,001633301;0,0016630861666666668
482,27895266235794;0,001682129;0,001644247;0,001647461;0,001649903;0,0016644695
481,4154555726075;0,001644287;0,0016453050000000001;0,001650879;0,001636231;0,001641195
480,55181555865613;0,001653565;0,0016403816666666668;0,001631348;0,00165918;0,0016421716666666667
479,68803287690395;0,001665283;0,0016304118333333333;0,001630372;0,001644287;0,0016408693333333333
478,9681051781055;0,001679688;0,0016478028;0,001640137;0,001629639;0,0016647954
478,1040616047877;0,001651368;0,0016619471666666666;0,001655518;0,00164502;0,0016578781666666666
477,23987609036624;0,001672852;0,0016446948333333333;0,001659668;0,001626954;0,0016473389999999998
476,3755488914036;0,001670655;0,0016339524999999999;0,00163208;0,001629395;0,0016593836666666667
475,5110802645039;0,001656739;0,0016289065;0,001626465;0,001645752;0,0016623133333333333
474,79058189201413;0,001704834;0,0016471196;0,00164087;0,001620117;0,0016523932000000001
473,92585464716086;0,00168042;0,0016618251666666666;0,00162793;0,001648682;0,001652548
473,06098670164386;0,001675293;0,0016495773333333333;0,001631836;0,001634034;0,0016632486666666667
472,19597831222796;0,001723145;0,0016333015000000002;0,001634278;0,00164502;0,0016451421666666666
471,33082973571976;0,001670411;0,0016308193333333333;0,001630616;0,001638428;0,0016453865
470,6097656865693;0,001663819;0,0016414064;0,001639161;0,001641358;0,0016521002
469,7443607675133;0,001651368;0,0016511638333333333;0,001639405;0,001631592;0,0016623133333333333
468,87881638920936;0,001649903;0,0016725263333333333;0,001618653;0,001642823;0,0016553146666666667
468,0131328086228;0,001674073;0,0016590173333333332;0,001664063;0,001649903;0,0016460375
467,1473102827609;0,001646485;0,0016402588333333332;0,001647461;0,001638184;0,0016510420000000001
466,2813490686716;0,001666993;0,0016461586666666665;0,001617676;0,001658204;0,0016448165
465,5596089666776;0,001681885;0,0016495122;0,001649903;0,001675537;0,0016577637999999999
464,69339415858644;0,001646485;0,0016415613333333333;0,001658447;0,001639405;0,0016475428333333332
463,82704139079476;0,001659424;0,0016374513333333332;0,001647705;0,001640137;0,0016612551666666667
462,9605509205082;0,001662842;0,001634318;0,001646973;0,001635742;0,0016594643333333334
462,0939230049731;0,00166919;0,0016321615;0,001630616;0,001644287;0,001648682
461,3716282680815;0,001661621;0,0016271488;0,001627686;0,001644043;0,0016432130000000001
460,50474903785295;0,001653565;0,0016438803333333333;0,001635742;0,001623291;0,001641724
459,63773309146245;0,001679932;0,0016549885;0,001633789;0,001654541;0,0016495361666666666
458,7705806863127;0,001689942;0,0016420498333333334;0,00168042;0,001630372;0,0016415613333333333
457,9032920798469;0,001641358;0,0016336676666666666;0,001665528;0,001627198;0,0016349698333333333
457,1804477175468;0,001677002;0,0016337083333333334;0,001648682;0,0016473396666666668;0,001637126
456,3129100774388;0,001671875;0,0016553716;0,00163794;0,001641602;0,0016529296
455,4452369656557;0,00165625;0,0016598308333333333;0,001669678;0,001662354;0,0016455081666666665
454,5774286397953;0,001667481;0,0016631271666666667;0,00164502;0,001631836;0,0016626385
453,7094853574954;0,001662842;0,0016648356666666667;0,001612793;0,001631836;0,0016642665
452,8414073764341;0,001652588;0,0016674806666666668;0,001635742;0,001633057;0,0016477465
452,1179063499249;0,00167334;0,0016294922;0,001635254;0,001651368;0,0016441408
451,24958209051294;0,001663575;0,0016347254999999998;0,001642823;0,001621338;0,0016387538333333333
450,3811238626436;0,001668701;0,0016535651666666666;0,001622315;0,001663086;0,0016537684999999999
449,5125319241476;0,001683594;0,0016447348333333335;0,001648438;0,001690918;0,0016616621666666665
448,643806532895;0,001677735;0,0016606448333333335;0,001626709;0,001642579;0,0016408288333333333
447,91976694984163;0,001658692;0,0016625494;0,00162378;0,00164502;0,0016437014
447,05079756508076;0,001655762;0,001660075;0,001637207;0,001631104;0,0016457113333333332
446,18169545841135;0,001663819;0,0016533613333333335;0,001640137;0,001649659;0,0016532803333333334
445,3124608878553;0,001667969;0,0016258549999999998;0,001643555;0,001663575;0,0016775718333333334
444,4430941114737;0,001695557;0,0016503093333333334;0,001644287;0,001676514;0,001669719
443,57359538736716;0,001664551;0,0016413983333333332;0,001656006;0,001639649;0,0016322436666666666
442,8489125101111;0,001648194;0,0016462408;0,001646485;0,001653321;0,0016664554
441,97917255231636;0,001669678;0,0016502281666666667;0,00164087;0,001645508;0,0016555996666666668
441,1093013782936;0,001641602;0,0016333416666666667;0,001631592;0,001635498;0,0016344813333333333
440,23929924629334;0,0016521;0,0016368005;0,001640137;0,00166211;0,0016528731666666666
439,3691664146043;0,001665039;0,001643474;0,001630616;0,001626465;0,0016594645
438,6439560678599;0,001635254;0,0016605472;0,001639161;0,001660645;0,0016460455999999998
437,77358429103816;0,001685303;0,0016431885;0,001645508;0,001625977;0,0016505131666666667
436,90308254655736;0,001671387;0,0016576334999999999;0,001646241;0,001669434;0,0016645108333333334
436,0324510928549;0,001637452;0,0016532395;0,001625733;0,001640381;0,0016389163333333334
435,1616901884068;0,001684327;0,001646322;0,001654297;0,001633057;0,0016322835
434,43595740188465;0,001672608;0,001622608;0,001635742;0,001625977;0,001617432
433,5649598425164;0,001677246;0,0016407473333333333;0,001634278;0,001670899;0,0016436775
432,6938335649594;0,001682373;0,0016233321666666667;0,001637452;0,001627686;0,0016628831666666668
431,82257882783637;0,001677735;0,001641887;0,001633545;0,001634766;0,001645183
430,95119588980845;0,001669678;0,0016601158333333335;0,001649659;0,001655274;0,0016604415
430,0796850095744;0,00167334;0,0016335453333333333;0,001647705;0,001639161;0,0016384686666666667
429,35332839574806;0,001646241;0,0016483892;0,001633545;0,001645996;0,001637989
428,4815836268282;0,001666504;0,00166211;0,001639405;0,00166626;0,0016387535000000001
427,6097116488887;0,001675049;0,0016485598333333333;0,00164209;0,001614258;0,001653117
426,7377127207743;0,001668701;0,0016619871666666668;0,001670899;0,001636963;0,0016494959999999999
425,8655871013666;0,001684082;0,001666708;0,001662598;0,001660645;0,001660604
425,1387191605855;0,001672608;0,0016697274;0,001641602;0,001648926;0,0016542972000000002
424,2663619463053;0,001667481;0,0016645101666666667;0,001632569;0,001639405;0,0016510825
423,3938787744348;0,00167627;0,0016397299999999998;0,001615235;0,001645264;0,0016571856666666666
422,5212699039994;0,001634278;0,0016484375;0,00163794;0,001641846;0,0016499028333333333
421,64853559406225;0,001685791;0,0016468505;0,001634766;0,001658204;0,0016384281666666667
420,92116136753305;0,001655762;0,0016387696;0,001664063;0,001644532;0,0016438966
420,0481977581434;0,001657471;0,001659953;0,001635498;0,001635987;0,0016227628333333334
419,1751094434657;0,001657715;0,0016578368333333333;0,001662598;0,001633301;0,0016090091666666666
418,3018966827053;0,00165918;0,0016367598333333333;0,001627442;0,001635498;0,0016523438333333332
417,42855973510444;0,001656739;0,0016417646666666667;0,001644532;0,001640381;0,001667277
416,5550988599422;0,001653321;0,0016398933333333335;0,001689698;0,001645264;0,0016564536666666665
415,82712031750236;0,001650147;0,0016383794;0,001653565;0,00163086;0,0016583498
414,9534329153385;0,001641602;0,0016451015000000001;0,001650147;0,001635498;0,0016541348333333334
414,0796223204373;0,001650879;0,0016515708333333333;0,001630616;0,001639893;0,0016758628333333333
413,2056887922181;0,001664795;0,0016529955;0,001644043;0,001626221;0,0016657716666666667
412,3316325901374;0,001666748;0,001650432;0,001649903;0,001631104;0,0016575519999999999
411,6031588997472;0,001675049;0,001641895;0,00166626;0,001662354;0,0016383300000000001
410,72887846957343;0,001647705;0,0016356205;0,00165503;0,001626221;0,0016415206666666668
409,8544761008616;0,001672852;0,0016453451666666667;0,001647705;0,001648682;0,0016418461666666668
408,9799520532074;0,001646973;0,001656006;0,001654297;0,001624024;0,0016511645
408,10530658624214;0,001673584;0,0016552741666666668;0,001643067;0,001648682;0,0016785078333333334
407,3763428002448;0,001668213;0,001650228;0,001618653;0,0016547853333333334;0,001666016
406,50147540565007;0,001643067;0,001657129;0,001619385;0,001648926;0,0016675782000000001
405,6264873275624;0,001662842;0,0016531173333333333;0,00164209;0,0016521;0,0016540935
404,75137882575166;0,001650147;0,0016483968333333332;0,001629151;0,001632813;0,001670614
403,8761501600225;0,00166626;0,0016479083333333332;0,001624268;0,001661133;0,001663981
403,000801590216;0,001658936;0,0016271973333333333;0,001638916;0,001657715;0,0016592208333333334
402,27125304280486;0,001657227;0,0016498046;0,001652344;0,001643555;0,0016385744
401,3956853238387;0,001653077;0,0016583256666666667;0,001643799;0,001653077;0,0016427008333333333
400,5199984372033;0,001642579;0,0016306153333333333;0,001639649;0,001655274;0,001635987
399,64419264287585;0,001657959;0,0016396491666666665;0,001632569;0,001625245;0,0016365155
398,76826820086836;0,001651123;0,0016604823333333332;0,001618897;0,001628907;0,0016406255000000001
398,03824071982797;0,001654786;0,0016667974;0,001669922;0,001647217;0,001647022
397,16209943249976;0,001646729;0,0016481526666666667;0,001641602;0,001632569;0,0016561688333333333
396,28584023438356;0,00167334;0,0016560869999999999;0,001636963;0,00165503;0,0016564941666666667
395,4094633856261;0,001656739;0,0016651611666666667;0,001628907;0,001660401;0,00166683
394,53296914640873;0,001685791;0,0016394456666666665;0,001635498;0,001645508;0,0016679285
393,65635777694825;0,00166626;0,001677979;0,0016442871666666667;0,001658692;0,0016555183333333333
392,92575901566386;0,001646241;0,0016490728;0,001654053;0,001632813;0,0016476082
392,04893358337955;0,001650879;0,0016465656666666665;0,00163208;0,001655762;0,0016496993333333333
391,1719917583205;0,001689209;0,0016764323333333334;0,001636719;0,001626221;0,0016436768333333335
390,29493380083636;0,001685059;0,001655274;0,001644043;0,001638184;0,0016559656666666667
389,4177599713107;0,001681885;0,0016726888333333334;0,001667237;0,001614746;0,0016739503333333332
388,6866934545523;0,001654053;0,0016719732;0,001613037;0,001640625;0,0016496588
387,8093078693398;0,001666748;0,0016694341666666668;0,001631836;0,001660889;0,001646688
386,9318071500266;0,001677979;0,0016502691666666668;0,001608887;0,001622315;0,0016614993333333335
386,05419155712804;0,001662842;0,00165503;0,001632569;0,001667481;0,0016441653333333333
385,1764613511937;0,001653077;0,0016563315;0,001656006;0,001671387;0,0016474611666666666
384,4449321492874;0,001642579;0,0016414067999999998;0,001641114;0,001640381;0,0016627932
383,5669924962714;0,001640625;0,0016328126666666667;0,001638916;0,001625977;0,0016623941666666668
382,68893896862744;0,001646729;0,0016336676666666666;0,001640137;0,001654297;0,0016431076666666667
381,8107718270346;0,001658692;0,0016458339999999999;0,001644532;0,00163501;0,0016453050000000001
380,9324913322063;0,001664307;0,0016593831666666667;0,001647705;0,001618897;0,0016430258333333333
380,0540977448893;0,001638184;0,001631511;0,001650635;0,001656006;0,0016537273333333334
379,32201688683546;0,001675782;0,0016497074;0,001645996;0,001635987;0,0016364748
378,4434166406179;0,001666504;0,0016364345;0,001641846;0,00164917;0,0016273194999999999
377,5647040408764;0,001665528;0,0016478273333333333;0,001648682;0,001632569;0,0016400966666666667
376,6858793484857;0,001672608;0,001644979;0,001643311;0,001650147;0,0016385504999999999
375,80694282435456;0,001671143;0,0016317956666666667;0,001642334;0,001638916;0,0016446126666666667
375,0744104821433;0,001659912;0,0016604494;0,001646485;0,001654541;0,0016413088
374,1952696109014;0,001665772;0,0016385096666666665;0,001642823;0,001650391;0,0016488853333333333
373,31601764733927;0,001637696;0,0016390789999999999;0,001618653;0,001646241;0,0016435141666666666
372,43665485249215;0,001662842;0,0016340743333333335;0,001658204;0,001656494;0,0016341558333333333
371,5571814874283;0,001645264;0,0016464438333333334;0,001647461;0,001655762;0,0016317548333333333
370,82420274155186;0,001660889;0,0016325684;0,001637207;0,001651612;0,0016499512
369,9445273425844;0,001658447;0,0016583255000000002;0,00163501;0,001630372;0,0016614585000000002
369,064742113271;0,001675293;0,0016299236666666667;0,001626221;0,001624024;0,0016388353333333333
368,18484731480527;0,00167212;0,0016586511666666667;0,001625733;0,001644532;0,0016356615
367,30484320841316;0,001661133;0,0016543786666666667;0,001650879;0,001655274;0,0016331386666666667
366,4247300553534;0,001651856;0,0016417241666666666;0,001641114;0,001625977;0,0016427414999999998
365,691219316773;0,001672608;0,001634961;0,001641114;0,00162378;0,0016564944
364,8109069234759;0,001666504;0,0016394856666666667;0,001657471;0,001647949;0,0016445723333333333
363,9304862239191;0,001682618;0,0016274008333333333;0,001650391;0,00164209;0,001653402
363,04995747948453;0,00166211;0,0016292318333333334;0,00161792;0,001625;0,0016400961666666668
362,16932095158666;0,001661865;0,0016653244999999999;0,001652344;0,001652344;0,0016438805
361,4353750323681;0,001669922;0,0016549808;0,001625;0,001647705;0,001649756
360,5545415805111;0,001684815;0,0016632491666666667;0,001638184;0,001655274;0,0016354173333333333
359,67360108603805;0,00168335;0,0016444095;0,0016521;0,001619629;0,0016402591666666666
358,7925538104855;0,001657959;0,0016521403333333335;0,001649414;0,001612549;0,001647746
357,91140001542146;0,001637452;0,001636841;0,001633789;0,001614258;0,0016218668333333333
357,17702400586063;0,001658692;0,0016394863333333333;0,001622803;0,001639161;0,0016298016666666667
356,2956756044815;0,001657959;0,0016332038;0,001633789;0,001648926;0,001626123
355,4142214248723;0,001675537;0,0016251633333333334;0,0016521;0,001623291;0,0016487633333333333
354,5326617287222;0,001653809;0,001654134;0,001636231;0,001652344;0,0016497398333333332
353,6509967777515;0,001656494;0,0016406251666666667;0,00161792;0,001661621;0,0016790368333333334
352,7692268337116;0,0016521;0,0016448573333333334;0,001642334;0,001644043;0,0016541339999999998
352,03433853283525;0,001670411;0,0016416018;0,001626221;0,001643067;0,0016534186
351,1523767814327;0,001652344;0,001648926;0,001677002;0,001631592;0,001638306
350,27031077875944;0,001666504;0,0016697591666666668;0,001643311;0,001624756;0,0016470133333333333
349,3881407866864;0,001661133;0,0016577148333333333;0,001655274;0,001652344;0,0016512456666666667
348,5058670671149;0,001641114;0,001653931;0,001614258;0,001629395;0,001635132
347,77055992015886;0,001657227;0,0016516602;0,001653565;0,001648926;0,001650196
346,8880967138257;0,001664307;0,0016574305;0,001651856;0,001626221;0,0016419685000000001
346,00553052221557;0,001649903;0,0016365153333333332;0,001641602;0,001622071;0,0016566975000000001
345,1228616073473;0,001660889;0,0016212975;0,001665283;0,001604981;0,0016469318333333332
344,2400902312709;0,001674073;0,0016523034999999999;0,001635987;0,001634766;0,0016589353333333334
343,3572166560662;0,001634766;0,0016292318333333334;0,0016167401666666668;0,001640381;0,0016451825
342,62141079704935;0,001638184;0,0016385254;0,001638916;0,001627686;0,0016580572
341,7383505375571;0,001639893;0,0016486415000000001;0,001632813;0,001642334;0,0016425783333333334
340,85518882166133;0,00164087;0,0016383063333333333;0,001644287;0,00161084;0,0016313478333333333
339,97192591155806;0,001651856;0,0016567386666666668;0,001645264;0,001633789;0,0016461588333333333
339,0885620694731;0,001638184;0,0016494956666666667;0,001665039;0,001647461;0,0016534831666666669
338,35234862278696;0,001668213;0,0016312018000000001;0,001633789;0,001629395;0,001640625
337,46880041989436;0,001650635;0,0016485596666666667;0,001636963;0,00161377;0,0016311036666666666
336,58515202815636;0,001657959;0,0016385903333333333;0,001636231;0,001629639;0,0016510421666666667
335,70140370991334;0,001662354;0,0016373703333333331;0,001629395;0,001677979;0,0016442873333333333
334,8175557275353;0,001652344;0,0016332201666666667;0,001660645;0,001653077;0,0016642658333333334
334,0809397992026;0,001642334;0,0016420906;0,001643311;0,001667237;0,0016362794
333,19690978077546;0,001663086;0,0016414803333333334;0,001639893;0,001621582;0,0016495365
332,31278084175585;0,001653077;0,0016553149999999999;0,001658447;0,001620117;0,0016676439999999998
331,428553244627;0,001635987;0,0016577965;0,001644287;0,001639649;0,0016547451666666666
330,5442272519008;0,001670899;0,0016497808333333333;0,001641114;0,001642823;0,001661377
329,65980312611924;0,001679932;0,0016457523333333333;0,001638916;0,001619873;0,0016657716666666667
328,92270824798163;0,001646241;0,0016521;0,001652832;0,0016521;0,0016555176
328,038104893574;0,001660156;0,0016375331666666666;0,001633789;0,001647217;0,0016473395
327,15340415013657;0,001651856;0,0016389571666666665;0,001653565;0,001654541;0,001660686
326,26860628032273;0,001660889;0,0016439621666666667;0,001639161;0,001657715;0,0016422125
325,3837115468136;0,001657471;0,0016417243333333334;0,001635742;0,001635254;0,0016505541666666666
324,6462254653206;0,001660401;0,0016256836;0,001635987;0,001628662;0,0016323738
323,76115383070885;0,001624268;0,0016171468333333334;0,00164209;0,001642579;0,0016491705
322,8759860768225;0,001660156;0,0016493735;0,001650879;0,001658447;0,0016505133333333333
321,9907224664535;0,001679688;0,0016580401666666665;0,001634522;0,001631348;0,0016576338333333333
321,10536326242175;0,001647949;0,0016462403333333334;0,001618653;0,001645996;0,0016435141666666666
320,3674910924227;0,001663086;0,0016473149999999999;0,001639161;0,001645752;0,0016351074000000001
319,4819573160382;0,001652588;0,001628459;0,001634278;0,001641358;0,0016378581666666669
318,5963286908014;0,001667237;0,0016430261666666667;0,001642579;0,001651368;0,0016272786666666665
317,7106054796403;0,001649659;0,0016416423333333332;0,00163501;0,00165503;0,0016349691666666666
316,8247879455116;0,001645264;0,0016428633333333332;0,001635987;0,001625;0,0016375738333333331
315,9388763513996;0,00168457;0,0016599935;0,001642334;0,001648682;0,0016539718333333333
315,2005450280132;0,001674805;0,0016422364;0,00163208;0,001651123;0,001658203
314,31446167372013;0,001666016;0,0016408288333333333;0,001669678;0,001660401;0,001630982
313,42828500471796;0,001661865;0,0016627611666666668;0,001620362;0,001637696;0,0016383065
312,54201528409726;0,001666993;0,0016366788333333335;0,00164209;0,001641602;0,0016463625
311,6556527749769;0,001648682;0,0016727301666666667;0,001625977;0,001645264;0,0016576335
310,9169466604523;0,001643555;0,0016532233999999998;0,001644043;0,001656494;0,0016438479999999998
310,0304147225516;0,001649414;0,0016340335;0,001650147;0,001624512;0,0016494555
309,1437907418034;0,001650147;0,0016665853333333335;0,001644043;0,001620117;0,0016517746666666667
308,25707498143174;0,001635498;0,0016548665;0,001636963;0,001633789;0,0016327318333333332
307,37026770468765;0,001628662;0,0016543788333333333;0,001655274;0,001620362;0,0016437586666666667
306,6311919223354;0,001645508;0,0016474124;0,001659912;0,001635742;0,0016578618000000001
305,74421754938675;0,001664307;0,0016485596666666667;0,001636231;0,001619873;0,0016596275
304,85715240609085;0,001676758;0,0016290283333333332;0,001634766;0,001649414;0,0016354173333333335
303,9699967558026;0,001646241;0,0016524658333333334;0,001608155;0,001628174;0,0016523851666666667
303,08275086190366;0,001625489;0,0016486006666666666;0,001638672;0,001643555;0,0016669114999999998
302,19541498780274;0,001655518;0,0016566981666666666;0,001640137;0,001639649;0,0016490076666666668
301,4558998812298;0,001677002;0,0016395512;0,001643555;0,001655274;0,0016512696
300,5683997276436;0,001658692;0,0016540935;0,001622803;0,001642579;0,0016505945
299,6808103403244;0,001647461;0,0016463623333333333;0,001662842;0,001652832;0,0016767986666666667
298,79313198278203;0,001653565;0,0016350913333333333;0,001637207;0,001639405;0,0016418456666666668
297,9053649185536;0,001650879;0,0016528326666666667;0,001636475;0,001660156;0,001633789
297,1654914597919;0,001649903;0,0016336918;0,001628174;0,001658692;0,0016392578
296,2775624511903;0,001638672;0,0016602783333333334;0,00164209;0,00163501;0,001651815
295,38954548273307;0,001669434;0,0016502688333333332;0,001646729;0,00165503;0,001633098
294,5014408180581;0,00164209;0,0016636563333333335;0,001632813;0,001612549;0,0016449795
293,61324872082815;0,001677246;0,001664958;0,001633301;0,001625977;0,001648194
292,7249694547329;0,001649659;0,0016525476666666666;0,0016417241666666668;0,001615235;0,0016323248333333332
291,9846703359162;0,001657471;0,0016368653999999999;0,001643555;0,001633301;0,0016514166
291,0962319451803;0,001656006;0,0016427008333333333;0,001654786;0,001625733;0,0016677654999999998
290,2077071328395;0,001656983;0,0016620286666666668;0,001634034;0,00163794;0,0016642253333333332
289,31909616268166;0,001657471;0,0016504721666666666;0,00163208;0,001631104;0,0016563726666666667
288,4303992985209;0,001665772;0,0016663818333333333;0,001645264;0,001629883;0,0016531983333333332
287,6897531552583;0,001676514;0,0016514164;0,001641114;0,001628662;0,0016559576
286,8008995040258;0,00165918;0,0016540531666666665;0,001636963;0,001626221;0,0016597906666666667
285,91196070640046;0,001671875;0,0016471763333333334;0,001639893;0,001643311;0,0016443285
285,02293702629356;0,001690186;0,0016444905;0,001650391;0,001622803;0,0016394865
284,13382872764123;0,001651123;0,001649577;0,001643555;0,001618897;0,0016536051666666666
283,39284069669895;0,001667237;0,0016545414;0,001624512;0,001649659;0,0016365724000000001
282,50357794963134;0,001659424;0,001646973;0,001627686;0,001650391;0,0016543786666666667
281,614231331974;0,001650391;0,0016269531666666666;0,001635254;0,00162085;0,0016764326666666668
280,72480110775916;0,001681153;0,0016470951666666667;0,001644287;0,001635987;0,0016587728333333333
279,83528754104356;0,001651123;0,0016335451666666667;0,001629395;0,001616944;0,0016333826666666666
278,945690895909;0,001647949;0,0016345621666666666;0,0016521;0,001621338;0,001647461
278,20429708615484;0,001651368;0,0016376468;0,001650879;0,001638184;0,0016356934
277,3145488165463;0,001643067;0,0016489665;0,001625245;0,001634522;0,0016609293333333334
276,42471821688395;0,001670411;0,0016228438333333334;0,001666504;0,001628418;0,0016455896666666668
275,53480555134394;0,001657227;0,0016566571666666668;0,001652832;0,001643799;0,001656413
274,644811084126;0,001654053;0,0016657718333333332;0,001634278;0,001653077;0,001662679
273,90308673134246;0,001656494;0,0016392584;0,001646485;0,001647949;0,0016402836
273,01294298064937;0,001671631;0,0016205656666666666;0,001642579;0,001639649;0,0016558836666666667
272,1227181769772;0,001670899;0,0016515308333333333;0,001632325;0,001625977;0,0016585293333333333
271,232412584619;0,001666016;0,0016527106666666667;0,001658447;0,001629151;0,0016494548333333332
270,34202646789174;0,00166333;0,001651612;0,001660645;0,001619873;0,0016424158333333335
269,59997671632283;0,001659424;0,0016500496;0,001633789;0,001632325;0,0016411627999999999
268,7094436581541;0,001645508;0,0016474206666666667;0,001637452;0,001653565;0,0016500656666666666
267,81883082464384;0,001671143;0,0016341555000000002;0,001636719;0,001672608;0,0016435143333333334
266,9281384801995;0,001667481;0,0016206053333333334;0,001666016;0,001631104;0,0016459151666666665
266,03736688925306;0,001652832;0,001643433;0,001647461;0,001649414;0,0016737881666666666
265,1465163162597;0,001635742;0,0016600346666666667;0,001653077;0,001626709;0,0016596683333333334
264,4040806960648;0,001678711;0,001652198;0,001631592;0,001650635;0,0016594732
263,51308600957867;0,001659912;0,001644979;0,001647949;0,001651856;0,0016644693333333334
262,62201309046253;0,001669678;0,0016649988333333333;0,001612061;0,001646241;0,0016500246666666667
262,4734933499011;0,001668213;0,00166919;0,001643311;0,001662842;0,001646973
