Step;C:\Users\49157\OneDrive\Desktop\Protokolle\PC2\Opt\Chloro\chloro_1.txt;C:\Users\49157\OneDrive\Desktop\Protokolle\PC2\Opt\Chloro\chloro_2.txt;C:\Users\49157\OneDrive\Desktop\Protokolle\PC2\Opt\Chloro\chloro_3.txt;C:\Users\49157\OneDrive\Desktop\Protokolle\PC2\Opt\Chloro\chloro_4.txt;C:\Users\49157\OneDrive\Desktop\Protokolle\PC2\Opt\Chloro\chloro_5.txt
3,0;0,001657471;0,0016357426;0,001625733;0,00165625;0,0016536626
8,0;0,001667725;0,0016479495999999999;0,001656494;0,001635498;0,0016446296
12,0;0,001656983;0,00164947525;0,00164087;0,001632813;0,00165252725
17,0;0,001645996;0,001654834;0,001634278;0,001635498;0,001652442
23,0;0,001646241;0,0016597091666666667;0,001660889;0,00163086;0,0016530361666666667
29,0;0,001636475;0,0016394451666666668;0,00162085;0,001629395;0,0016287035
34,0;0,001644532;0,0016231444;0,001659424;0,001615479;0,0016462408
40,0;0,001642579;0,0016418869999999999;0,001636963;0,001658204;0,0016412768333333334
46,0;0,001665772;0,0016201985;0,00163794;0,001626221;0,0016416018333333332
52,0;0,001657227;0,0016385908333333332;0,001641358;0,001636719;0,0016516525000000002
58,0;0,001677491;0,0016510418333333333;0,001646241;0,00163086;0,0016346441666666668
63,0;0,001668701;0,0016643072;0,001610108;0,001654786;0,001639844
69,0;0,001665283;0,0016536053333333334;0,001628174;0,001629883;0,001657145
75,0;0,001643067;0,0016514898333333332;0,001621094;0,001661865;0,0016632085
81,0;0,001633789;0,0016528328333333332;0,001645752;0,00163086;0,0016471356666666666
87,0;0,001641846;0,001653077;0,001672608;0,001642823;0,0016551923333333334
92,0;0,001668946;0,0016356938;0,001654541;0,001648194;0,0016576662
98,0;0,001649414;0,0016376546666666666;0,001647705;0,001637696;0,001645915
104,0;0,001637207;0,0016470543333333334;0,001636719;0,00164209;0,0016675625
110,0;0,001682861;0,0016555995;0,001625733;0,001639893;0,001659139
116,0;0,001666504;0,0016449796666666665;0,00164087;0,001629639;0,001636149
122,0;0,001657227;0,001631389;0,001624024;0,001631104;0,0016416425000000002
127,0;0,001657471;0,0016236822;0,001636475;0,001647461;0,0016375006
133,0;0,001668946;0,0016591391666666668;0,001654541;0,001644287;0,0016215420000000001
139,0;0,001648682;0,0016384281666666667;0,001636719;0,001652588;0,0016522221666666666
145,0;0,00165503;0,0016574305;0,001624756;0,001657715;0,0016558843333333334
151,0;0,001671631;0,0016424156666666667;0,001654297;0,001663575;0,0016593423333333334
156,0;0,001654786;0,0016298343999999998;0,001643555;0,001641114;0,0016496096
162,0;0,001654297;0,001636841;0,001662598;0,001641114;0,0016439213333333332
168,0;0,001655274;0,0016423345;0,001648682;0,001660156;0,0016547043333333333
174,0;0,001639405;0,0016426603333333334;0,001654786;0,001637452;0,0016250413333333334
180,0;0,001659424;0,0016482748333333335;0,001639161;0,001646973;0,0016418463333333333
185,0;0,001658204;0,0016367188;0,001644287;0,001657471;0,001660157
191,0;0,001631592;0,0016406658333333332;0,001663819;0,001640381;0,0016326499999999998
197,0;0,001689942;0,0016695558333333334;0,001667725;0,001641846;0,001649455
203,0;0,001658692;0,0016410731666666669;0,001625;0,001653077;0,0016265871666666667
209,0;0,001662354;0,0016619471666666666;0,001632325;0,001651368;0,0016377773333333334
215,0;0,001667969;0,0016668701666666666;0,001661865;0,001653321;0,0016402998333333333
220,0;0,001650147;0,0016421392;0,001632569;0,001639649;0,0016530274
226,0;0,001674805;0,0016298828333333334;0,00163794;0,001658936;0,0016446533333333334
232,0;0,001639649;0,0016587728333333333;0,001634034;0,001635742;0,0016537273333333334
238,0;0,001626221;0,0016540125;0,001629395;0,001646485;0,0016492918333333333
244,0;0,001636963;0,0016384276666666666;0,001650391;0,001660645;0,0016497806666666667
249,0;0,001652344;0,001636914;0,001632813;0,001664307;0,0016616702
255,0;0,001648194;0,001639242;0,001650147;0,001644287;0,001646851
261,0;0,001650879;0,0016726081666666667;0,001660645;0,001650391;0,0016614176666666669
267,0;0,001661621;0,001642985;0,001644532;0,001659912;0,0016717531666666668
273,0;0,00165625;0,0016530353333333333;0,001647461;0,00163794;0,0016480718333333334
278,0;0,001663086;0,001649984;0,0016521;0,0016578775;0,0016412763333333333
284,0;0,001656494;0,001652393;0,001634766;0,001614746;0,0016513186
290,0;0,001655762;0,0016590981666666667;0,001626954;0,001640625;0,0016650396666666666
296,0;0,001652588;0,0016204835;0,001638672;0,00164502;0,001650147
302,0;0,001662598;0,001647339;0,001632813;0,001644287;0,0016560873333333335
308,0;0,0016521;0,0016388345;0,001623047;0,001630372;0,001639649
313,0;0,001687989;0,0016320316;0,001650879;0,001641602;0,0016486822
319,0;0,001645264;0,0016359865;0,00163208;0,001654053;0,0016500251666666666
325,0;0,001646485;0,0016353354999999999;0,001654053;0,001649903;0,0016317548333333333
331,0;0,00164209;0,0016439616666666665;0,001628662;0,001636231;0,0016499431666666666
337,0;0,001667481;0,0016412761666666667;0,001624756;0,001656006;0,0016473795
342,0;0,001671875;0,0016458498;0,001646973;0,001646241;0,00162334
348,0;0,001675537;0,0016386719999999999;0,001632569;0,001638672;0,0016591801666666667
354,0;0,001678955;0,0016591396666666668;0,001633545;0,001638916;0,0016613768333333333
360,0;0,001636719;0,0016426191666666667;0,001625977;0,001641114;0,0016554768333333335
366,0;0,001641114;0,0016465663333333333;0,001635498;0,001633545;0,001657186
372,0;0,001666993;0,001654094;0,001622071;0,001632569;0,0016687016666666666
377,0;0,001674317;0,0016437508;0,001648438;0,001663819;0,0016406254
383,0;0,001650879;0,0016451416666666667;0,001645508;0,001636963;0,001640992
389,0;0,001646729;0,0016384684999999999;0,001641602;0,001650147;0,0016446131666666666
395,0;0,001636231;0,001644898;0,001655762;0,001641358;0,0016596683333333334
401,0;0,001673828;0,0016422125;0,001657471;0,001626221;0,001662598
406,0;0,0016792;0,0016415532;0,001641114;0,001648682;0,0016520508
412,0;0,001665528;0,0016493328333333334;0,001617432;0,001623535;0,0016632489999999999
418,0;0,001669434;0,0016421306666666666;0,001631592;0,001664551;0,0016491293333333332
424,0;0,001655274;0,0016383468333333335;0,001638428;0,001647461;0,0016502278333333333
430,0;0,001639405;0,00166683;0,001627686;0,001635498;0,0016252846666666666
435,0;0,001651368;0,0016599128;0,001622559;0,001634522;0,0016591802
441,0;0,001660645;0,0016368006666666666;0,001639893;0,001636963;0,0016762701666666667
447,0;0,0016521;0,0016484788333333334;0,001637207;0,001619141;0,0016852625
453,0;0,001671143;0,0016418461666666666;0,001654541;0,001641846;0,0016550296666666667
459,0;0,001670411;0,0016376546666666666;0,001642579;0,001640625;0,0016503095
465,0;0,001653565;0,0016526695;0,001639405;0,001629395;0,00165979
470,0;0,001646241;0,0016422852000000001;0,001649903;0,001634522;0,0016635746
476,0;0,001664795;0,0016281335;0,001644776;0,001632325;0,0016628421666666667
482,0;0,001637207;0,0016483561666666667;0,001621826;0,00159668;0,001654053
488,0;0,001677979;0,0016569011666666667;0,00166211;0,001645996;0,0016431890000000002
494,0;0,001649659;0,0016286216666666666;0,001615479;0,001635498;0,0016539713333333333
499,0;0,001666016;0,0016374518;0,001628662;0,001625;0,0016580564
505,0;0,00166333;0,0016311448333333333;0,001658204;0,001658692;0,0016421711666666666
511,0;0,001673584;0,0016535643333333333;0,001626221;0,00163794;0,001658651
517,0;0,001658692;0,0016287436666666665;0,001628174;0,001645508;0,0016544596666666666
523,0;0,001666993;0,0016376546666666666;0,001624512;0,001639161;0,0016365561666666665
528,0;0,001681397;0,0016345706;0,001632325;0,00162378;0,0016569338
534,0;0,001640381;0,0016505536666666667;0,001644287;0,001628662;0,0016593836666666667
540,0;0,001655762;0,0016385905;0,001648194;0,001666016;0,0016340744999999999
546,0;0,001669434;0,0016607263333333333;0,00166626;0,001635498;0,0016686201666666666
552,0;0,001644776;0,001665772;0,001641358;0,001641846;0,0016551515
558,0;0,001667237;0,0016537686666666667;0,001631104;0,001657471;0,0016596273333333333
563,0;0,001660645;0,0016367192;0,001630616;0,001624268;0,001648877
569,0;0,001665039;0,0016452636666666666;0,00164087;0,001658936;0,0016494145
575,0;0,001655518;0,0016450608333333334;0,001632813;0,001616455;0,0016472986666666667
581,0;0,00166211;0,0016382245;0,001638428;0,001669434;0,0016451015
587,0;0,001682618;0,0016481529999999999;0,001653321;0,001634522;0,0016767176666666666
592,0;0,001648682;0,0016642582;0,001633301;0,001636719;0,0016602540000000001
598,0;0,001688477;0,0016528733333333334;0,001642579;0,001663819;0,0016455893333333334
604,0;0,001667725;0,001635458;0,001641114;0,001643799;0,0016667890000000001
610,0;0,001659424;0,0016248373333333332;0,001635254;0,001625733;0,0016587728333333333
616,0;0,001652588;0,0016271568333333334;0,001653077;0,001644532;0,0016454675
621,0;0,001648682;0,0016425787999999998;0,001636475;0,0016317145;0,001635303
627,0;0,001653809;0,0016364751666666667;0,001651368;0,001651368;0,0016422526666666666
633,0;0,0016792;0,0016556803333333332;0,001628174;0,00165625;0,0016507571666666667
639,0;0,001662598;0,001653402;0,001639649;0,001628174;0,0016398933333333333
645,0;0,001664063;0,0016441658333333333;0,001644532;0,001647705;0,0016512861666666667
651,0;0,00165625;0,0016584473333333333;0,001640137;0,001630372;0,0016335046666666668
656,0;0,001660889;0,0016825193999999999;0,001664551;0,001643067;0,001630567
662,0;0,001639161;0,0016588548333333333;0,001651612;0,001644532;0,0016520183333333333
668,0;0,001671875;0,0016618253333333334;0,001637207;0,001642579;0,0016399741666666668
674,0;0,001645752;0,0016348883333333333;0,001629883;0,001638916;0,0016505539999999998
680,0;0,001643067;0,0016411543333333333;0,001650879;0,001646729;0,0016659343333333331
685,0;0,001631592;0,0016523438;0,001644776;0,001633545;0,0016575202
691,0;0,00164087;0,0016407068333333334;0,001651123;0,001645508;0,0016480718333333334
697,0;0,001674317;0,0016627608333333332;0,001649659;0,001625489;0,0016471356666666668
703,0;0,001656006;0,0016547041666666667;0,001645264;0,00165503;0,0016419278333333334
709,0;0,001639893;0,0016702066666666668;0,001645508;0,001657227;0,0016547041666666667
715,0;0,0016521;0,0016418863333333333;0,001651123;0,00164502;0,001675171
720,0;0,001653077;0,0016552244;0,001684815;0,001643555;0,0016566406
726,0;0,001662842;0,001660156;0,001644776;0,001643067;0,0016621096666666667
732,0;0,001654053;0,0016392009999999999;0,001674805;0,001648682;0,0016647136666666667
738,0;0,001636475;0,0016643066666666667;0,001648926;0,001633545;0,0016568608333333333
744,0;0,001645264;0,0016461593333333335;0,001644776;0,001618897;0,001661174
749,0;0,001673096;0,0016485844;0,001643799;0,001654053;0,0016508299999999998
755,0;0,001649659;0,0016469326666666666;0,001652344;0,001646973;0,0016428631666666666
761,0;0,001653565;0,0016537685;0,00164209;0,001651856;0,0016481526666666667
767,0;0,001648926;0,0016589356666666666;0,00164209;0,001660156;0,0016563315
773,0;0,001653077;0,0016549888333333334;0,001639893;0,001668457;0,0016359458333333333
778,0;0,00165918;0,0016687018;0,001656494;0,00162378;0,0016540528
784,0;0,001666016;0,0016664631666666668;0,001650391;0,001624756;0,0016452230000000001
790,0;0,001684327;0,0016709805;0,001639893;0,001639405;0,0016484381666666667
796,0;0,001680908;0,0016599125;0,001647461;0,00163794;0,0016527106666666667
802,0;0,001669434;0,0016780193333333334;0,001637207;0,001660401;0,0016535243333333333
808,0;0,001662598;0,0016436773333333332;0,00163208;0,001636719;0,0016309816666666666
813,0;0,001633789;0,0016492677999999999;0,001651123;0,001646241;0,0016436521999999999
819,0;0,001647461;0,0016485188333333332;0,00167334;0,00164209;0,0016727706666666668
825,0;0,001663086;0,0016424158333333335;0,001633789;0,001657227;0,0016834308333333334
831,0;0,001667481;0,0016566163333333332;0,001645264;0,001643555;0,0016497808333333333
837,0;0,001676026;0,0016637371666666668;0,001647705;0,001646241;0,0016383471666666666
842,0;0,00168335;0,0016594734;0,001649903;0,001652588;0,0016513192000000001
848,0;0,001672852;0,0016807865;0,001646485;0,001680908;0,0016482751666666666
854,0;0,001674561;0,001670248;0,00164917;0,001662598;0,0016418871666666667
860,0;0,001681397;0,0016548261666666667;0,001621826;0,001665772;0,0016420900000000001
866,0;0,001685791;0,0016429856666666666;0,001640381;0,001658692;0,0016453856666666668
871,0;0,001671875;0,0016481452;0,001623291;0,001660401;0,0016418952
877,0;0,001653077;0,0016694338333333332;0,001635987;0,001634034;0,0016437175
883,0;0,001663575;0,0016432291666666665;0,001671875;0,0016521;0,0016320803333333333
889,0;0,001702637;0,0016502278333333333;0,001669678;0,001663575;0,0016337081666666668
895,0;0,00166626;0,0016461186666666665;0,001668701;0,001632325;0,0016475428333333334
901,0;0,001676758;0,0016295168333333332;0,001651612;0,001646729;0,0016670336666666666
906,0;0,001667481;0,0016407225999999998;0,001635987;0,001634522;0,0016731446
912,0;0,001658447;0,0016453045;0,001632569;0,001639161;0,0016752521666666667
918,0;0,001715821;0,0016446946666666667;0,001650879;0,001667725;0,0016594645
924,0;0,001686768;0,0016610111666666668;0,001629151;0,001644043;0,0016853433333333333
930,0;0,001663086;0,0016789553333333334;0,001654053;0,001628174;0,0016643069999999999
935,0;0,001655274;0,0016703618;0,001635987;0,001661865;0,0016302248
941,0;0,001673584;0,0016489668333333333;0,001639649;0,001662842;0,0016336261666666666
947,0;0,001668457;0,001645874;0,001657471;0,001648926;0,0016467286666666666
953,0;0,001690918;0,0016362310000000001;0,001656494;0,001661865;0,0016534018333333334
959,0;0,001666993;0,0016509605;0,001634766;0,001633789;0,0016380211666666667
964,0;0,001679444;0,0016626954;0,001667237;0,001631104;0,0016603516
970,0;0,00165625;0,001659505;0,001650879;0,001649414;0,0016510821666666665
976,0;0,001654541;0,0016594645;0,001656739;0,00165918;0,0016540531666666665
982,0;0,001672852;0,0016728921666666666;0,00165625;0,001686524;0,0016471356666666666
988,0;0,001665772;0,0016676028333333333;0,001652588;0,001632569;0,0016465255
994,0;0,001644776;0,0016405843333333332;0,001647461;0,00165625;0,0016416423333333332
999,0;0,001686035;0,001647998;0,001638916;0,001655518;0,0016402346
1005,0;0,001645508;0,0016456305;0,001647461;0,001634278;0,0016383061666666668
1011,0;0,001669922;0,0016321211666666666;0,001619385;0,001641114;0,0016540125
1017,0;0,001694825;0,0016481531666666667;0,001660401;0,001678467;0,0016385095
1023,0;0,001650879;0,001657146;0,001624756;0,0016521;0,0016616218333333334
1028,0;0,001670899;0,0016605472;0,001646729;0,001635742;0,0016482426
1034,0;0,001670899;0,0016654055;0,001655274;0,001640137;0,0016396891666666667
1040,0;0,001667237;0,001663615;0,001646729;0,0016521;0,0016511235000000002
1046,0;0,001711915;0,0016602376666666667;0,001677002;0,001629395;0,0016629233333333333
1052,0;0,001669434;0,0016476646666666666;0,001645752;0,001645264;0,0016481125
1058,0;0,001678711;0,0016391606666666667;0,001655762;0,001636231;0,0016476243333333333
1063,0;0,001695313;0,001652588;0,00164087;0,001647461;0,0016642092
1069,0;0,00166333;0,0016719158333333333;0,00165503;0,001679932;0,0016492921666666667
1075,0;0,001666016;0,0016736248333333332;0,001666993;0,001648438;0,0016713463333333334
1081,0;0,001667481;0,0016607266666666667;0,001649414;0,001662842;0,0016685798333333334
1087,0;0,001663575;0,0016665448333333334;0,001632569;0,001638428;0,0016718755000000001
1092,0;0,001678223;0,0016506353999999998;0,001643311;0,001677002;0,0016564456
1098,0;0,001659668;0,0016574301666666667;0,001661133;0,001657471;0,0016452231666666667
1104,0;0,00166333;0,0016456305;0,001633301;0,001659668;0,0016649581666666668
1110,0;0,00168335;0,001640788;0,001650391;0,001680664;0,0016942141666666667
1116,0;0,001654053;0,0016450601666666666;0,001656983;0,001639405;0,0016746015
1121,0;0,00168042;0,001658496;0,001654297;0,001631348;0,0016546388
1127,0;0,001683838;0,0016575526666666666;0,001636963;0,001657715;0,0016590173333333334
1133,0;0,001691162;0,0016526698333333332;0,001650635;0,001638916;0,0016449791666666666
1139,0;0,00168042;0,0016547043333333333;0,001675049;0,001641114;0,001647746
1145,0;0,001688721;0,0016658531666666667;0,001669678;0,001687012;0,0016641851666666667
1151,0;0,001647949;0,0016785481666666666;0,001635742;0,001639893;0,0016493328333333332
1156,0;0,0016792;0,001645508;0,001638916;0,001631836;0,0016352056
1162,0;0,001674073;0,0016507573333333335;0,001655762;0,00165625;0,0016498623333333334
1168,0;0,001685303;0,0016641441666666666;0,001663575;0,001641602;0,0016614585
1174,0;0,001735108;0,001675415;0,001667969;0,001649659;0,0016620685
1180,0;0,00168457;0,0016599526666666667;0,001662842;0,001665039;0,0016437583333333333
1185,0;0,001678223;0,0016789548;0,001667481;0,001640137;0,0016360354
1191,0;0,001774903;0,0016575116666666667;0,001656739;0,001664795;0,0016706141666666667
1197,0;0,001703125;0,0016720383333333334;0,001658692;0,001661865;0,0016850591666666666
1203,0;0,001662598;0,0016658534999999999;0,001665772;0,001647217;0,0016647548333333334
1209,0;0,00173291;0,0016595465;0,001646485;0,00163208;0,001666911
1214,0;0,001702637;0,0016577152;0,001651856;0,00164502;0,0016725098
1220,0;0,001772705;0,0016676435;0,001645264;0,001671387;0,0016870123333333333
1226,0;0,001790283;0,0016729330000000001;0,001637696;0,001656494;0,0016809496666666667
1232,0;0,001757813;0,0016485598333333335;0,001650391;0,001658447;0,0016855066666666666
1238,0;0,001848389;0,00168099;0,00165918;0,001673096;0,0016597088333333335
1244,0;0,001796875;0,001674032;0,001650879;0,001668701;0,0016937661666666668
1249,0;0,001767334;0,0016750494;0,001637452;0,001661377;0,0016887696
1255,0;0,001703614;0,0016778568333333333;0,001653321;0,001669678;0,0016572678333333334
1261,0;0,001715577;0,0016554363333333333;0,001638428;0,001666016;0,0016642253333333332
1267,0;0,001713135;0,0016525065;0,001685547;0,001650147;0,0016665446666666668
1273,0;0,001704102;0,001673177;0,001669922;0,001669434;0,0016628423333333335
1278,0;0,001689942;0,0016788092000000001;0,001659668;0,001676514;0,0016539068
1284,0;0,001757569;0,00168042;0,001674317;0,001648682;0,0016709801666666667
1290,0;0,001751953;0,0016637781666666667;0,001706055;0,001654053;0,0016725675
1296,0;0,001706055;0,0016469726666666666;0,00168628;0,001680908;0,0016765958333333332
1302,0;0,001879883;0,0016750086666666665;0,001683106;0,001682373;0,0016935634999999999
1307,0;0,00172876;0,0017135746;0,001659912;0,00167212;0,0016918948
1313,0;0,001748535;0,0016995041666666667;0,001682618;0,001640381;0,0016780598333333333
1319,0;0,001776123;0,0016828615;0,001647949;0,001646485;0,0017145995
1325,0;0,001755615;0,0016584475;0,001652344;0,001672608;0,001687622
1331,0;0,001713623;0,0016894538333333334;0,001649903;0,001666993;0,0016731365
1337,0;0,001763916;0,0016397706666666666;0,001675293;0,00165918;0,0016634926666666667
1342,0;0,001709961;0,0016629884;0,001653565;0,001653565;0,0016929202
1348,0;0,001723633;0,0016807868333333334;0,001654297;0,001672852;0,0016687423333333333
1354,0;0,001776856;0,0016661380000000002;0,001656739;0,001677491;0,0016810715
1360,0;0,001838135;0,001660197;0,001652588;0,001661621;0,0016791183333333334
1366,0;0,001855713;0,0016706546666666667;0,001662354;0,001672608;0,0016814373333333334
1371,0;0,001791748;0,0016769536000000001;0,001658447;0,001664063;0,0016885746
1377,0;0,001728516;0,0017021898333333333;0,001642334;0,001660156;0,001690796
1383,0;0,00181836;0,0016887211666666668;0,001652344;0,001666504;0,001675863
1389,0;0,001833985;0,0016805831666666666;0,001639405;0,001629151;0,0016889245
1395,0;0,001783692;0,0017108155;0,001673096;0,001667237;0,0016864423333333334
1401,0;0,001894531;0,0016857101666666666;0,0016582848333333332;0,001714112;0,0016747238333333333
1406,0;0,001812256;0,0016882327999999999;0,001653809;0,001685547;0,0016769048
1412,0;0,001943848;0,0017307133333333332;0,001678223;0,001653809;0,0016828615
1418,0;0,001978516;0,0017678633333333333;0,001681885;0,001701905;0,0017243246666666667
1424,0;0,002001953;0,001770427;0,001665039;0,001684082;0,001708212
1430,0;0,002155518;0,001855021;0,001697998;0,0016792;0,0018077391666666666
1435,0;0,002015381;0,001771094;0,001644776;0,001662598;0,0017159178
1441,0;0,001907715;0,0018199058333333335;0,001673096;0,001692139;0,0017294515
1447,0;0,0020271;0,0018666586666666667;0,00165503;0,001701905;0,0017880455
1453,0;0,001968506;0,001838867;0,001666993;0,001679444;0,0017519126666666667
1459,0;0,002062989;0,0018912351666666668;0,00166333;0,001736817;0,0018519284999999998
1464,0;0,00213794;0,0018841312000000001;0,00170044;0,001790039;0,001838819
1470,0;0,002077637;0,0018692225;0,001674073;0,001667237;0,0017895923333333332
1476,0;0,002175538;0,0020409346666666666;0,001671631;0,001728272;0,0018313399999999999
1482,0;0,002218018;0,0019350998333333333;0,001676514;0,001696289;0,0017436523333333332
1488,0;0,002210938;0,0018884688333333332;0,001660889;0,001680176;0,0017290043333333333
1494,0;0,002333741;0,0019396976666666667;0,001750977;0,001732178;0,0018412684999999998
1499,0;0,002202637;0,0018588872;0,001740723;0,001675049;0,00177837
1505,0;0,002192871;0,0018941246666666668;0,001670655;0,001674073;0,0017658284999999998
1511,0;0,00229712;0,0019521486666666667;0,001753663;0,001761231;0,0017612713333333334
1517,0;0,002261963;0,001921346;0,001679444;0,001699219;0,0017209475
1523,0;0,002310059;0,0019761966666666667;0,001697998;0,001684815;0,0017316491666666666
1528,0;0,002344971;0,0019245124;0,001734864;0,001744874;0,0017843752
1534,0;0,002313721;0,0019861655;0,001737061;0,001714356;0,0018049726666666667
1540,0;0,002442383;0,0020367031666666665;0,001711915;0,001774903;0,0018493651666666665
1546,0;0,002379883;0,0020538745;0,001723633;0,001730957;0,001859945
1552,0;0,0024375;0,0020325114999999996;0,001690186;0,00177124;0,001848552
1557,0;0,002622071;0,0020770512;0,001816162;0,001980713;0,0019165048000000001
1563,0;0,002451172;0,001988647666666667;0,001701905;0,001743653;0,0018465988333333334
1569,0;0,002552002;0,0019969893333333334;0,001736573;0,001844727;0,0018012294999999998
1575,0;0,002515381;0,0020350343333333334;0,001841309;0,001905762;0,0018609625
1581,0;0,002407959;0,0020390623333333335;0,001717286;0,001828613;0,001790609
1587,0;0,002453125;0,0020605473333333334;0,00181836;0,001756348;0,0017442218333333333
1592,0;0,0025625;0,0020538092000000003;0,001746582;0,001854981;0,0017425786
1598,0;0,002518311;0,002139730166666667;0,001715577;0,001808838;0,0017867846666666668
1604,0;0,002556885;0,0021222743333333335;0,001809571;0,001844239;0,0018531901666666668
1610,0;0,002416016;0,0021313066666666667;0,001858399;0,001827881;0,0018187668333333334
1616,0;0,002453858;0,002043376;0,001791016;0,001831055;0,0018183193333333333
1621,0;0,002638428;0,0021265142;0,001964356;0,002048096;0,001946045
1627,0;0,002680665;0,0020324301666666666;0,001830079;0,001942383;0,0018477381666666666
1633,0;0,002530762;0,0020628666666666668;0,001790528;0,001976075;0,0018500571666666666
1639,0;0,002638672;0,0021044518333333336;0,001954346;0,001996827;0,0018371988333333333
1645,0;0,002538086;0,0020800785;0,001707032;0,001959961;0,0019002276666666665
1650,0;0,002606446;0,002118311;0,001736084;0,001976563;0,0020290044
1656,0;0,002687989;0,0021253258333333333;0,001874512;0,001950928;0,0019121911666666667
1662,0;0,002662842;0,0020852461666666664;0,001850098;0,00177295;0,0018671878333333333
1668,0;0,002724122;0,0021296796666666665;0,001941162;0,001877686;0,0019508873333333335
1674,0;0,002640625;0,002108398666666667;0,002031494;0,001962403;0,0019432378333333333
1680,0;0,002628907;0,0020957443333333332;0,001958741;0,001963135;0,0019502363333333333
1685,0;0,002768067;0,0021880374;0,002062012;0,002095215;0,0019541994
1691,0;0,002650635;0,0021497801666666666;0,001980225;0,002033936;0,0019157308333333334
1697,0;0,002682862;0,0022127276666666666;0,001953369;0,002034912;0,0019464115
1703,0;0,002760987;0,0022639979999999997;0,001937988;0,002048828;0,0019604086666666666
1709,0;0,002639405;0,0022100018333333334;0,001907227;0,002010498;0,001928915
1714,0;0,00268042;0,0023016604;0,001977784;0,002035889;0,0020112312
1720,0;0,002779053;0,0022578536666666665;0,001984863;0,002036866;0,002091228
1726,0;0,002743653;0,0021916103333333332;0,001833496;0,001925538;0,0020517173333333334
1732,0;0,002886475;0,002184408;0,001954346;0,002053711;0,0020612390000000003
1738,0;0,002893799;0,002152099833333333;0,001810303;0,002102295;0,0020932618333333332
1744,0;0,002768555;0,0021697188333333335;0,001938925;0,002101563;0,0020677495
1749,0;0,002902344;0,0022511234;0,00200586;0,002175293;0,0021798832
1755,0;0,002708985;0,002160197333333333;0,001923829;0,002047119;0,0021679688333333335
1761,0;0,002799561;0,0022089848333333335;0,002035401;0,002130127;0,0021920171666666667
1767,0;0,002888916;0,0023126633333333335;0,002056397;0,002182862;0,0022389736666666663
1773,0;0,002821289;0,002221517;0,001926758;0,002132569;0,0021449384999999996
1778,0;0,002837891;0,0023022462;0,002028076;0,002059083;0,0021370119999999998
1784,0;0,002828858;0,002397257666666667;0,002090577;0,002090332;0,0021785895
1790,0;0,00278125;0,002314087166666667;0,001980469;0,002058106;0,0021535241666666666
1796,0;0,002855225;0,0024372971666666667;0,001975831;0,002108155;0,002201701333333333
1802,0;0,002866211;0,002344361;0,002060791;0,002124756;0,0021432703333333332
1807,0;0,002770508;0,0023595218;0,002092774;0,002106446;0,0022122078
1813,0;0,002862061;0,002379965;0,002185303;0,002220215;0,0023427743333333333
1819,0;0,002808106;0,0022777101666666666;0,002059083;0,002167237;0,0022876386666666666
1825,0;0,002899414;0,002383179333333333;0,002007569;0,002120606;0,0022661136666666665
1831,0;0,002915039;0,0024001063333333335;0,002101807;0,002187012;0,002248209666666667
1837,0;0,00285376;0,0022678221666666666;0,00196753;0,002091309;0,002181397166666667
1842,0;0,002875977;0,002345215;0,001980957;0,002126709;0,0022313972
1848,0;0,00300293;0,0023367106666666664;0,002070557;0,002194336;0,0022257084999999996
1854,0;0,002952149;0,0024242356666666666;0,002003662;0,002085205;0,002126424333333333
1860,0;0,003011231;0,002504761;0,002027344;0,002179444;0,0022414961666666665
1866,0;0,003004151;0,002462565;0,002033936;0,002159668;0,002259562666666667
1871,0;0,002944825;0,0024637696;0,002053467;0,002253663;0,0023187506
1877,0;0,002957276;0,0026277261666666665;0,00220044;0,002441163;0,0024011233333333334
1883,0;0,002998291;0,002569377;0,002100342;0,002317627;0,002232462666666667
1889,0;0,003032227;0,00258606;0,002034668;0,002228272;0,002174275833333333
1895,0;0,002944581;0,0026754155;0,002145752;0,002324708;0,0023235278333333335
1900,0;0,002909668;0,0025659182;0,00211499;0,002195557;0,0021726082
1906,0;0,002967042;0,002589559;0,002197266;0,002151856;0,0021682946666666666
1912,0;0,003018067;0,002634156;0,002366211;0,002232666;0,0021864831666666665
1918,0;0,002907227;0,002608928333333333;0,002193116;0,002290039;0,002151652
1924,0;0,002930665;0,0027174891666666666;0,002290039;0,002263672;0,0021815186666666667
1930,0;0,002936768;0,0026837165;0,002231446;0,002287109;0,00219222
1935,0;0,002896485;0,00265752;0,002308838;0,002293457;0,002244043
1941,0;0,003035645;0,002670899;0,002296143;0,002459473;0,0023577476666666666
1947,0;0,003061768;0,002666992;0,002213623;0,002408448;0,00218099
1953,0;0,003006592;0,0027145595000000002;0,00231128;0,002265137;0,0022362061666666667
1959,0;0,003114259;0,0027099209999999997;0,002424073;0,00237378;0,0023316244999999998
1964,0;0,003088379;0,0027238288;0,002323731;0,002268311;0,0023285648
1970,0;0,003111573;0,002720093;0,002367676;0,002317139;0,0022944750000000002
1976,0;0,003198243;0,002642211833333333;0,002410889;0,002358643;0,0023005783333333333
1982,0;0,003153077;0,002704468;0,002264405;0,002303223;0,0022631023333333335
1988,0;0,003250245;0,0028455001666666665;0,002401368;0,002474854;0,0023072103333333332
1993,0;0,003329103;0,0028643556;0,002309815;0,002453858;0,002326807
1999,0;0,003311768;0,0028788655;0,002240967;0,002421631;0,002236328666666667
2005,0;0,003525636;0,00299052;0,00239502;0,002461182;0,0023683273333333335
2011,0;0,003364991;0,0028736580000000003;0,002338868;0,002425049;0,0023461513333333335
2017,0;0,00338794;0,0029446213333333333;0,002309327;0,00243628;0,0023601073333333333
2023,0;0,003471192;0,0029395351666666666;0,002351807;0,002404541;0,0024602058333333334
2028,0;0,003387208;0,0028648446;0,002327881;0,002407959;0,002458741
2034,0;0,003327393;0,002930828;0,002329834;0,002393799;0,0024180098333333334
2040,0;0,003353028;0,0029035651666666665;0,002331543;0,002423829;0,0023217773333333333
2046,0;0,003366456;0,0029130868333333334;0,002385254;0,002408936;0,0023420008333333332
2052,0;0,003539551;0,0029381115;0,002493897;0,002563965;0,002417155
2057,0;0,003493897;0,0029519536;0,002531983;0,002526856;0,00241836
2063,0;0,003515382;0,0029468185;0,00247168;0,002456299;0,0023821215000000002
2069,0;0,003611817;0,0030161138333333333;0,002511475;0,002621583;0,0023689781666666665
2075,0;0,003582764;0,002948284;0,002357178;0,002558838;0,0022378743333333335
2081,0;0,003490967;0,0029971926666666664;0,002391602;0,002524414;0,0022560631666666666
2086,0;0,003577881;0,0030018556;0,002466065;0,002607422;0,0023258306
2092,0;0,003489991;0,0029305835000000002;0,002437989;0,002531006;0,0023054608333333334
2098,0;0,003543458;0,0028581548333333332;0,002605713;0,002500977;0,002325805833333333
2104,0;0,003550294;0,0029184576666666665;0,002542969;0,002573975;0,0023974206666666667
2110,0;0,003545166;0,0028681645;0,002459473;0,002489014;0,0024204108333333333
2116,0;0,003611329;0,0030413824999999998;0,002563477;0,002515381;0,0024384365
2121,0;0,0036521;0,0030465827999999998;0,002602783;0,002473877;0,0024662606000000003
2127,0;0,003629395;0,003055665;0,002653809;0,002512939;0,002469768
2133,0;0,003744629;0,003095093;0,002708008;0,00259961;0,0025534673333333334
2139,0;0,003649903;0,0030729983333333336;0,002618897;0,002470704;0,0024504805
2145,0;0,003604737;0,0030651048333333332;0,002622803;0,00245166;0,002463949
2150,0;0,003677979;0,0030926276;0,002687256;0,002531495;0,0024073736
2156,0;0,003653565;0,0029801841666666665;0,002657471;0,002585449;0,0023917646666666665
2162,0;0,003684815;0,0029601648333333333;0,002644532;0,002612305;0,0023946943333333333
2168,0;0,003847413;0,003072428833333333;0,002753663;0,00256543;0,0023586431666666667
2174,0;0,00374878;0,003094727;0,002669678;0,002495606;0,002298218166666667
2180,0;0,0038042;0,003105102833333333;0,002730469;0,002619385;0,0023333746666666664
2185,0;0,003871583;0,0030960452;0,002759522;0,002742432;0,0023655764
2191,0;0,003898194;0,0030879728333333334;0,002634034;0,002611328;0,0023857830000000003
2197,0;0,003833497;0,0032409266666666666;0,002700196;0,002653321;0,002538208666666667
2203,0;0,003746583;0,0031984865;0,002622315;0,002519288;0,0024576418333333333
2209,0;0,003768311;0,0031978763333333333;0,002712891;0,002549561;0,002464233666666667
2214,0;0,003911133;0,0031555672;0,00268335;0,002640137;0,0024902838
2220,0;0,00383545;0,0031001388333333334;0,002588379;0,002560303;0,0024772544999999997
2226,0;0,003803712;0,0032139898333333333;0,002700684;0,002532715;0,002476481333333333
2232,0;0,003833985;0,0032659918333333335;0,002767334;0,002493897;0,0025301518333333333
2238,0;0,003789796;0,003199056666666667;0,002797363;0,002543702;0,0024695645000000002
2243,0;0,003864014;0,0032404302000000004;0,002869385;0,002647217;0,0024717294
2249,0;0,003936768;0,0032548016666666666;0,002889893;0,002609131;0,0024436851666666667
2255,0;0,003916504;0,003281942166666667;0,002840821;0,002530518;0,0024197593333333332
2261,0;0,004015625;0,0034198006666666665;0,002902344;0,00264502;0,0024907233333333334
2267,0;0,004057618;0,0033183191666666667;0,002739746;0,002578614;0,0024315601666666667
2273,0;0,00403125;0,0033120525;0,002752686;0,002519531;0,002473918166666667
2278,0;0,00409668;0,0032915044;0,002873291;0,002611084;0,0024886720000000004
2284,0;0,004031007;0,003288046;0,002785401;0,002661621;0,0024638670000000002
2290,0;0,004148927;0,0033748383333333334;0,002769532;0,002665772;0,0025504966666666665
2296,0;0,004151124;0,003358724333333333;0,002878418;0,002783692;0,002537923833333333
2302,0;0,004036622;0,0033123785;0,002891358;0,002622071;0,0025272623333333333
2307,0;0,004144776;0,0033437023999999997;0,002949219;0,002798829;0,002501563
2313,0;0,004159668;0,0033268645000000003;0,002944093;0,002729004;0,002571452
2319,0;0,004211915;0,003343099;0,002807374;0,002561768;0,0024381516666666667
2325,0;0,004319092;0,0034428311666666665;0,002909668;0,002695313;0,0024788413333333334
2331,0;0,004253663;0,0033776866666666667;0,002819092;0,002640381;0,0024308675000000004
2336,0;0,004223145;0,0033772466;0,002884278;0,002570557;0,0024473634
2342,0;0,004298829;0,0034035246666666665;0,002980225;0,00269751;0,002515218333333333
2348,0;0,004249024;0,003410400833333333;0,002829102;0,002574463;0,002444133166666667
2354,0;0,00427295;0,0033992923333333335;0,00286377;0,00256543;0,002379476
2360,0;0,004311036;0,003376018;0,002903321;0,002650391;0,002432333
2366,0;0,004171876;0,003319337;0,002811279;0,002618408;0,0023907066666666666
2371,0;0,004326172;0,003384815;0,002864014;0,00275;0,002482227
2377,0;0,004313233;0,0033496915;0,002872559;0,002861084;0,0025869546666666666
2383,0;0,004256104;0,003354329666666667;0,002874512;0,002809327;0,0024935305
2389,0;0,004334718;0,0035464278333333333;0,002919678;0,002891358;0,00253536
2395,0;0,004183106;0,0034741623333333334;0,002914063;0,002740235;0,002439046833333333
2400,0;0,004283937;0,003441797;0,002881592;0,002689454;0,0024143074
2406,0;0,004328858;0,003407064;0,003039307;0,002792725;0,0025273033333333334
2412,0;0,004229737;0,003317424166666667;0,002958741;0,002573242;0,0023781331666666667
2418,0;0,004232422;0,0033693445;0,002872071;0,002715333;0,0024737550000000002
2424,0;0,004299805;0,0034398203333333333;0,002916749;0,002702881;0,0025933435000000003
2429,0;0,004194336;0,003368979;0,00285791;0,002605469;0,0024993658
2435,0;0,004254395;0,0033409676;0,002810791;0,002658204;0,0025428061666666665
2441,0;0,004234132;0,0034189048333333333;0,002823731;0,002701416;0,0025632331666666664
2447,0;0,004136964;0,003387248;0,002746826;0,00266919;0,0024269215
2453,0;0,004291261;0,0035008141666666667;0,002919434;0,002599122;0,0024551599999999996
2459,0;0,004162598;0,0033347585;0,002779053;0,002543213;0,0024231773333333335
2464,0;0,004125;0,0033312016;0,0027771;0,002624756;0,0023489262
2470,0;0,00416919;0,0033182781666666666;0,002917481;0,002624023;0,0022855233333333334
2476,0;0,004146973;0,003316813333333333;0,002740235;0,002472657;0,0022626956666666666
2482,0;0,004120606;0,0032494313333333337;0,002698731;0,002386963;0,0022518716666666667
2488,0;0,004162354;0,0032576101666666668;0,002747559;0,002502198;0,002240885666666667
2493,0;0,004055909;0,0032625495999999998;0,002669434;0,002452393;0,0021903812
2499,0;0,004028565;0,0032333993333333332;0,002675782;0,002594971;0,002302938
2505,0;0,004069337;0,0032694508333333335;0,00263501;0,002410889;0,002284750166666667
2511,0;0,004063233;0,0031942146666666667;0,002555909;0,002430176;0,0022152915
2517,0;0,004024171;0,0032179776666666667;0,002600586;0,002479004;0,0022100425
2523,0;0,00387671;0,0030897633333333333;0,0025010993333333333;0,002351807;0,002102986833333333
2528,0;0,003969483;0,0031054698000000003;0,002521241;0,002322754;0,002064307
2534,0;0,003888673;0,0031774503333333332;0,002594727;0,002346192;0,0021434731666666665
2540,0;0,00373169;0,0030253096666666666;0,002371826;0,002292725;0,002085896833333333
2546,0;0,003701172;0,0029368903333333333;0,002327393;0,002314942;0,0019888508333333337
2552,0;0,003760743;0,0028903811666666666;0,002327149;0,002358887;0,0020257161666666665
2557,0;0,003573731;0,0028270514000000003;0,002290039;0,002203125;0,0019482914
2563,0;0,003621094;0,0029018965000000003;0,002342041;0,002105469;0,0019240316666666668
2569,0;0,003666505;0,0028496913333333337;0,002416992;0,002158936;0,0019382323333333334
2575,0;0,003538331;0,0027972415;0,00230835;0,002075928;0,0019165445
2581,0;0,003659668;0,0028835451666666665;0,002378418;0,00215918;0,0019333901666666667
2586,0;0,003548341;0,002820508;0,002180176;0,002142334;0,0018441896
2592,0;0,003583985;0,002862915666666667;0,002266602;0,002229004;0,0019385993333333334
2598,0;0,00375171;0,0028795573333333336;0,002300049;0,002256592;0,002012614833333333
2604,0;0,003613038;0,0027188318333333334;0,002186524;0,002178223;0,0018452968333333333
2610,0;0,00367627;0,0027605798333333333;0,002160645;0,00220459;0,00191215
2616,0;0,003717774;0,0028376468333333334;0,002278809;0,00221753;0,0020308845000000003
2621,0;0,00365088;0,0027915044;0,002098145;0,002105225;0,0019284676
2627,0;0,003699708;0,002788046;0,002302979;0,002186768;0,0019591883333333333
2633,0;0,00368628;0,0027386073333333333;0,002407959;0,002257081;0,0019376635
2639,0;0,003758545;0,0027628586666666663;0,002353028;0,002218018;0,0019431156666666668
2645,0;0,003847657;0,0029058843333333332;0,002408936;0,002070069;0,0020668136666666666
2650,0;0,003783448;0,0028067388;0,002237793;0,002050538;0,001993409
2656,0;0,003825684;0,002789592;0,002234864;0,00210962;0,0018719483333333334
2662,0;0,003922364;0,0028211676666666666;0,00235791;0,002185791;0,0019331056666666668
2668,0;0,003785645;0,002841146666666667;0,002233887;0,002090821;0,0017925623333333333
2674,0;0,003781739;0,0028293458333333334;0,002218018;0,002015625;0,0017530926666666667
2679,0;0,003962647;0,0027920416;0,002302735;0,002149658;0,0018852546
2685,0;0,003874512;0,002784058;0,002178955;0,001982422;0,0017630620000000001
2691,0;0,003769532;0,002804931666666667;0,002197999;0,001972168;0,0018033448333333335
2697,0;0,003856202;0,002720988666666667;0,002192383;0,001991455;0,001776937
2703,0;0,003743897;0,002800619166666667;0,002238037;0,001941651;0,0017256673333333333
2709,0;0,003850342;0,0028770348333333334;0,0022146;0,00198584;0,0018958743333333332
2714,0;0,00370337;0,0028112792;0,002045655;0,001915039;0,0017722658
2720,0;0,003684815;0,0027374678333333333;0,002058106;0,001894776;0,0017663986666666667
2726,0;0,003791016;0,0028846438333333334;0,002150147;0,001973389;0,0017504073333333334
2732,0;0,003700928;0,002726440833333333;0,002098877;0,001730713;0,0016931566666666667
2738,0;0,003656495;0,0027328295;0,002105469;0,001798096;0,0016816005
2743,0;0,00382251;0,0028069344;0,002177735;0,00192749;0,0017343266
2749,0;0,003652833;0,0027538655;0,002035889;0,001802002;0,0017196865
2755,0;0,003697999;0,0028270675;0,002181641;0,00188086;0,0017096361666666666
2761,0;0,003684083;0,0027268888333333336;0,002090577;0,001810547;0,001689006
2767,0;0,003678224;0,0026282966666666668;0,001966309;0,001791504;0,0016752931666666666
2772,0;0,003747559;0,0027970708000000003;0,002108643;0,001939209;0,0017010744
2778,0;0,003659913;0,002580973833333333;0,00203003;0,001783692;0,0016894938333333334
2784,0;0,003620606;0,0025576583333333336;0,00207666;0,001797608;0,0016784668333333333
2790,0;0,00379297;0,0025795495;0,002143311;0,001896485;0,0017156578333333333
2796,0;0,003727296;0,0024822589999999997;0,002066407;0,00177417;0,0016755781666666666
2802,0;0,00366211;0,002505493;0,00204419;0,001747559;0,0016649985
2807,0;0,003735352;0,00258252;0,002072998;0,001788819;0,001664795
2813,0;0,003576661;0,0024696049999999997;0,001933838;0,001713135;0,0016782225
2819,0;0,003603028;0,0025955814999999998;0,00199585;0,001721436;0,001685588
2825,0;0,003715821;0,0026151944999999997;0,001979981;0,001682618;0,0016804206666666667
2831,0;0,003654786;0,0024913738333333336;0,001823731;0,001676514;0,0016846925
2836,0;0,003659668;0,0026475098;0,001831055;0,001695069;0,0017203614
2842,0;0,003539795;0,0026157228333333333;0,001737793;0,00167212;0,001685059
2848,0;0,003546876;0,0025380861666666667;0,001791504;0,001709229;0,0016850183333333333
2854,0;0,003704102;0,0026475016666666668;0,001775147;0,001678955;0,0016780196666666667
2860,0;0,003699952;0,0025616050000000002;0,001694336;0,001652344;0,0016974283333333333
2865,0;0,003532959;0,002551921;0,001769531;0,001674724;0,0016837566666666665
2871,0;0,003610596;0,002497754;0,001778077;0,001688721;0,001681641
2877,0;0,003562012;0,0024436035;0,001707764;0,001674073;0,00168396
2883,0;0,003598633;0,0025265301666666665;0,001729248;0,001670411;0,0016682128333333334
2889,0;0,00348877;0,0024852705;0,001885743;0,001686524;0,0016754156666666667
2895,0;0,003534424;0,0024652515;0,001747071;0,001666016;0,0016573493333333332
2900,0;0,003503907;0,0024528816;0,00173462;0,001668946;0,0016738281999999999
2906,0;0,003428956;0,0024432785;0,001693848;0,001672852;0,0016858725
2912,0;0,003426514;0,00234607;0,001689942;0,001662842;0,0016764735000000001
2918,0;0,003420167;0,0023120525;0,001714844;0,001666993;0,001674927
2924,0;0,003405518;0,002259237;0,001708741;0,001675049;0,001680339
2929,0;0,003466065;0,0022494632;0,001691651;0,001675782;0,001659717
2935,0;0,003551514;0,0023148195;0,001740235;0,001677735;0,0016638595000000001
2941,0;0,003500733;0,0022515876666666665;0,001690674;0,001653565;0,0016401369999999998
2947,0;0,003547608;0,0022701015;0,00171753;0,001672608;0,0016643066666666667
2953,0;0,003414795;0,0021657718333333333;0,00170337;0,001650879;0,0016549076666666667
2959,0;0,003396729;0,0021502691666666664;0,001694092;0,001625977;0,0016386318333333333
2964,0;0,003564698;0,0022303224;0,001733155;0,001660645;0,0016721198
2970,0;0,003452882;0,0021926274999999997;0,001705323;0,00165625;0,0016591805
2976,0;0,003442139;0,0022053638333333334;0,001719971;0,001680664;0,001658041
2982,0;0,003559327;0,0022572026666666666;0,001699463;0,00169043;0,001670492
2988,0;0,003315675;0,0021925461666666667;0,001670899;0,001689453;0,001659017
2993,0;0,00327002;0,0021453134;0,001664795;0,001652588;0,0016406252
2999,0;0,003322266;0,0023068855;0,001684082;0,001666016;0,0016293948333333335
3005,0;0,003279298;0,002234009333333333;0,001674805;0,001652832;0,0016309816666666668
3011,0;0,003328125;0,0022746986666666667;0,001660156;0,001689942;0,001639527
3017,0;0,003343262;0,002201253166666667;0,001699951;0,001657471;0,0016506756666666666
3022,0;0,00321167;0,002155762;0,001693604;0,001658447;0,0016615727999999999
3028,0;0,003350831;0,002251221166666667;0,001685059;0,001670411;0,0016636156666666668
3034,0;0,003269776;0,0021411131666666666;0,001697754;0,001653565;0,0016265466666666667
3040,0;0,0032771;0,0020838625;0,001672608;0,001661377;0,0016472168333333333
3046,0;0,003315675;0,0020705161666666663;0,001684327;0,001675293;0,0016609703333333333
3052,0;0,003222657;0,0020212811666666664;0,001682129;0,001669922;0,0016505946666666666
3057,0;0,003317872;0,0020166022000000002;0,001675049;0,001661377;0,0016565924
3063,0;0,003367432;0,0020507813333333334;0,001642579;0,001685791;0,001639567
3069,0;0,003235596;0,0019462888333333333;0,00162378;0,001655274;0,0016530353333333333
3075,0;0,003213135;0,0019360761666666667;0,001647949;0,001676514;0,001634929
3081,0;0,003179932;0,0019993086666666667;0,001658936;0,001657715;0,0016723226666666667
3086,0;0,003241456;0,001995459;0,001650391;0,001637207;0,0016781256
3092,0;0,003228028;0,0019597166666666666;0,001623535;0,001666016;0,0016620285
3098,0;0,003084961;0,0019277348333333333;0,001665772;0,001638916;0,0016143801666666667
3104,0;0,003014161;0,0018788655;0,001671875;0,001649903;0,0016378173333333333
3110,0;0,003051514;0,0019097903333333333;0,001668701;0,001673584;0,0016625978333333334
3115,0;0,003059327;0,001871045;0,00168335;0,00167212;0,0016498536
3121,0;0,003028077;0,0018040366666666665;0,001658936;0,001673828;0,0016427003333333331
3127,0;0,003039551;0,0017840173333333333;0,001671387;0,001645752;0,0016561283333333334
3133,0;0,003017334;0,0017464195;0,001644043;0,001678955;0,0016507976666666666
3139,0;0,003015137;0,0017632655;0,001648194;0,001651368;0,0016330975
3145,0;0,003017823;0,0018234053333333333;0,001668213;0,001640625;0,0016429038333333334
3150,0;0,002979249;0,001777637;0,001645752;0,001662842;0,0016550784
3156,0;0,003102051;0,0018712571666666667;0,001675782;0,001670411;0,0016466885
3162,0;0,003010254;0,0018431805;0,001656983;0,001654541;0,0016524661666666666
3168,0;0,002846924;0,0017600103333333334;0,001677246;0,001654541;0,0016587321666666666
3174,0;0,002857422;0,0018413903333333332;0,001658692;0,001646973;0,0016496988333333333
3179,0;0,002753418;0,0017455568;0,001672364;0,00165625;0,0016453618
3185,0;0,002900635;0,0017731528333333334;0,001658692;0,001675782;0,001632976
3191,0;0,002974854;0,0018747565000000002;0,001665283;0,001658936;0,0016481126666666667
3197,0;0,002741211;0,0017640379999999999;0,001636719;0,001669678;0,001641032
3203,0;0,002810791;0,0017604576666666667;0,001639649;0,001660156;0,0016708576666666667
3208,0;0,002834473;0,001754639;0,001670655;0,001662801;0,001684082
3214,0;0,002784913;0,001750684;0,001650635;0,001632813;0,0016503912
3220,0;0,002766602;0,0017428386666666668;0,001651123;0,001648926;0,001639079
3226,0;0,002597901;0,0017104901666666666;0,00164502;0,001650147;0,0016588136666666668
3232,0;0,002577637;0,0016640626666666668;0,001650879;0,001658204;0,0016457520000000001
3238,0;0,002682373;0,0016914068333333334;0,001651123;0,001662842;0,0016761064999999999
3243,0;0,002494385;0,0016975102;0,001646973;0,001664307;0,0016371586
3249,0;0,002465088;0,0017019451666666666;0,001668946;0,001635254;0,001646078
3255,0;0,002562988;0,0017201743333333333;0,001639405;0,001625245;0,0016397711666666665
3261,0;0,002461426;0,0016925055000000001;0,001648438;0,001651856;0,0016547859999999999
3267,0;0,002566895;0,0016938075;0,001646729;0,001660156;0,0016565756666666667
3272,0;0,002563477;0,0016853514;0,001672608;0,001640381;0,0016623052
3278,0;0,002535889;0,001681641;0,001663086;0,001659912;0,0016487631666666665
3284,0;0,002588868;0,0016860761666666667;0,001660156;0,001643555;0,0016361903333333334
3290,0;0,002537842;0,0016678878333333332;0,00166211;0,001652832;0,0016531988333333331
3296,0;0,00253711;0,001682373;0,001655518;0,001647461;0,001656983
3302,0;0,002607666;0,0016681316666666667;0,001649903;0,001648438;0,0016614588333333333
3307,0;0,002446778;0,001655567;0,001651612;0,001652344;0,001655518
3313,0;0,002412354;0,0016545418333333334;0,001628174;0,001641602;0,0016519781666666667
3319,0;0,002488526;0,0016897793333333334;0,001657715;0,001630372;0,0016656495
3325,0;0,002302979;0,0016693121666666666;0,001663819;0,001629883;0,0016275636666666668
3331,0;0,002440186;0,0016603598333333333;0,001647949;0,001659668;0,0016236575
3336,0;0,002487061;0,0016868168000000001;0,00167334;0,001629883;0,0016481447999999999
3342,0;0,00243042;0,0016834315000000002;0,001637696;0,0016521;0,0016499838333333332
3348,0;0,002465577;0,001662272;0,001661621;0,001622803;0,0016644291666666666
3354,0;0,002317139;0,0016855061666666666;0,001631104;0,00162378;0,0016609701666666667
3360,0;0,002347656;0,001664063;0,001634766;0,001641114;0,0016739096666666666
3365,0;0,002503418;0,0016602544;0,001665283;0,00164209;0,001655274
3371,0;0,002411133;0,0016663416666666668;0,001632569;0,001643067;0,001641968
3377,0;0,002343995;0,0016691085;0,00164087;0,001617676;0,0016409918333333334
3383,0;0,002375733;0,0016673998333333333;0,001659668;0,001641114;0,0016105965
3389,0;0,002410889;0,0016657721666666668;0,001633301;0,001625489;0,0016376546666666666
3395,0;0,00235254;0,001675293;0,001656739;0,001642334;0,0016326911666666665
3400,0;0,002424073;0,0016915044;0,001638428;0,00163208;0,0016333016
3406,0;0,002351319;0,0016696373333333334;0,001650635;0,001651123;0,0016301681666666668
3412,0;0,002442139;0,0016631268333333333;0,001646241;0,001641602;0,0016542158333333332
3418,0;0,002251221;0,0016422936666666667;0,001654541;0,00164087;0,0016599933333333334
3424,0;0,002266602;0,0016689048333333335;0,00165918;0,001634766;0,0016605635
3429,0;0,002424317;0,0016721194;0,001629883;0,001638916;0,001657129
3435,0;0,00222754;0,0016585695;0,001635742;0,001636475;0,0016481125
3441,0;0,002290039;0,0016759443333333333;0,001657227;0,001650879;0,00164384
3447,0;0,002236084;0,0016764736666666667;0,001641358;0,001634766;0,0016402593333333334
3453,0;0,00225293;0,0016599128333333333;0,001634034;0,001656739;0,0016542973333333335
3458,0;0,002300049;0,0016625982;0,001645752;0,001637207;0,0016431646
3464,0;0,002320313;0,001654908;0,001639893;0,001645996;0,0016378181666666667
3470,0;0,002252198;0,0016719978333333333;0,001649903;0,001634522;0,001655152
3476,0;0,00236792;0,001685547;0,001661133;0,001638184;0,0016365153333333332
3482,0;0,002320801;0,0016563725;0,001660401;0,001669434;0,0016475424999999998
3488,0;0,002294434;0,001673137;0,001636475;0,001631104;0,0016410733333333334
3493,0;0,002244873;0,0016693366;0,00161792;0,001645996;0,0016444337999999999
3499,0;0,002224854;0,0016647953333333333;0,001650147;0,001622559;0,0016341553333333334
3505,0;0,002222413;0,0016545411666666666;0,001640381;0,001640381;0,0016477051666666668
3511,0;0,002408448;0,0016743571666666666;0,001667969;0,001668701;0,001652914
3517,0;0,002326172;0,0016437176666666666;0,001638916;0,001652832;0,0016352135000000001
3522,0;0,002455567;0,0016607422;0,001633789;0,001633301;0,0016392096
3528,0;0,002485108;0,0016624755;0,001633789;0,001659668;0,0016415206666666668
3534,0;0,002371583;0,001666911;0,001643555;0,001642334;0,0016336669999999999
3540,0;0,002456543;0,0016761073333333334;0,001634034;0,001641114;0,0016442875
3546,0;0,002384033;0,0016675625000000002;0,001638672;0,001625489;0,0016471356666666668
3551,0;0,00232544;0,001661296;0,001630372;0,0016452231666666665;0,0016499843333333333
3557,0;0,002284424;0,0016492192;0,001659668;0,001651856;0,0016496096
3563,0;0,002190674;0,0016662598333333333;0,001619873;0,001654541;0,00166626
3569,0;0,00217041;0,0016579593333333332;0,001638672;0,00163794;0,0016222738333333334
3575,0;0,002247315;0,0016492104999999999;0,001655274;0,001646241;0,0016217446666666666
3581,0;0,002206543;0,0016585290000000002;0,001643555;0,001632813;0,0016444908333333333
3586,0;0,002202637;0,0016485354;0,001654541;0,001654053;0,0016264164
3592,0;0,002257081;0,0016703288333333333;0,00165503;0,001641114;0,0016686608333333333
3598,0;0,00219336;0,0016702071666666667;0,001631592;0,001641846;0,0016560471666666667
3604,0;0,002326661;0,0016559658333333332;0,001646485;0,001623291;0,0016550703333333334
3610,0;0,002312744;0,0016673585;0,001655274;0,00162793;0,001638672
3615,0;0,002247071;0,0016730956;0,00165625;0,001641114;0,0016395507999999999
3621,0;0,002324952;0,0016522621666666666;0,001621094;0,001660889;0,0016204833333333332
3627,0;0,002210938;0,0016870123333333335;0,001629883;0,001598145;0,0016392416666666668
3633,0;0,002204346;0,0016626791666666666;0,001642579;0,001655518;0,0016403406666666666
3639,0;0,002355713;0,0016723225;0,001636475;0,001653809;0,0016571456666666668
3645,0;0,002240967;0,0016757411666666667;0,001682861;0,001638428;0,0016466066666666666
3650,0;0,002292725;0,0016595708;0,001638672;0,001628662;0,0016354006
3656,0;0,002268311;0,0016656904999999998;0,001640137;0,001646973;0,001673991
3662,0;0,002198731;0,0016545008333333333;0,001628174;0,001644776;0,0016581223333333333
3668,0;0,0021875;0,0016705735;0,001652344;0,001630127;0,0016405035
3674,0;0,002172364;0,0016822511666666666;0,001647461;0,001644287;0,0016438400000000001
3679,0;0,002219483;0,0016480964;0,001640137;0,001649414;0,0016270512
3685,0;0,002230713;0,0016529951666666668;0,00163208;0,001661865;0,0016451423333333332
3691,0;0,002006348;0,0016409103333333334;0,00161084;0,001631592;0,0016390789999999999
3697,0;0,001976075;0,0016580816666666668;0,001652344;0,001642334;0,0016400146666666667
3703,0;0,002092285;0,0016499025000000001;0,001637696;0,001631104;0,0016457116666666665
3708,0;0,001987793;0,0016605474;0,001642579;0,001636231;0,001648877
3714,0;0,002025147;0,0016593423333333332;0,001638916;0,001654541;0,0016424973333333333
3720,0;0,002047364;0,0016600753333333332;0,001670166;0,001645264;0,0016492515
3726,0;0,002026612;0,0016626385;0,001633789;0,001617676;0,0016492515
3732,0;0,002103516;0,0016510826666666666;0,001664795;0,001618653;0,0016342776666666667
3738,0;0,002056153;0,0016503095;0,001639649;0,001637452;0,0016466071666666666
3743,0;0,001973877;0,0016721198;0,001640381;0,001662354;0,0016613774
3749,0;0,002065674;0,0016563318333333334;0,001648438;0,001651368;0,0016516928333333333
3755,0;0,002058106;0,0016559658333333332;0,001651368;0,001635254;0,0016595458333333334
3761,0;0,002043458;0,0016642665;0,001652588;0,001650147;0,0016376143333333335
3767,0;0,002008301;0,0016700445;0,001661377;0,001648682;0,0016370855
3772,0;0,001960205;0,0016611334;0,001658447;0,001666016;0,001645752
3778,0;0,001904541;0,001633057;0,001634034;0,001632325;0,0016145433333333333
3784,0;0,00194043;0,0016614991666666667;0,001644532;0,001660401;0,0016461593333333333
3790,0;0,001899903;0,0016745205;0,001646729;0,001629883;0,0016387531666666665
3796,0;0,002080811;0,0016692711666666667;0,001633545;0,00162378;0,0016467286666666666
3801,0;0,001931397;0,0016642578;0,001659668;0,001632325;0,001658106
3807,0;0,001839356;0,0016621091666666667;0,001629883;0,001625977;0,0016481934999999998
3813,0;0,001923584;0,0016563724999999999;0,001644532;0,001643799;0,0016370036666666667
3819,0;0,001924805;0,0016477465;0,001633545;0,001637207;0,0016545815
3825,0;0,001882813;0,0016574301666666667;0,00163794;0,001608643;0,001654582
3831,0;0,001964356;0,0016598713333333332;0,001636475;0,001647705;0,001645264
3836,0;0,001853272;0,0016528808;0,001648194;0,001638672;0,0016330086
3842,0;0,001898438;0,0016724855;0,001634522;0,001644287;0,0016496995
3848,0;0,001997071;0,0016641438333333334;0,001630372;0,001669922;0,0016440025
3854,0;0,001845459;0,0016579593333333335;0,001635987;0,001662598;0,00164738
3860,0;0,001889649;0,0016655686666666666;0,00164087;0,001644043;0,001645183
3865,0;0,001883545;0,0016719242;0,001654786;0,001654541;0,001652344
3871,0;0,001856202;0,001664551;0,001629151;0,001647949;0,0016567386666666668
3877,0;0,001939942;0,0016671145;0,001618165;0,001637452;0,001657227
3883,0;0,001916748;0,0016671556666666668;0,001634278;0,001643067;0,0016574303333333333
3889,0;0,001932862;0,001624878;0,001651368;0,001624268;0,0016680501666666667
3894,0;0,002099365;0,0016441243333333334;0,001637696;0,0016299646666666666;0,0016599126666666667
3900,0;0,001986572;0,0016495606;0,001648926;0,001637207;0,0016192388000000001
3906,0;0,001991455;0,0016511235;0,001641602;0,001637207;0,0016410728333333335
3912,0;0,002087159;0,0016595868333333333;0,001653077;0,001649659;0,0016752928333333334
3918,0;0,002029541;0,0016562505;0,001643067;0,001630372;0,0016477463333333332
3924,0;0,001979248;0,001670329;0,001635987;0,001659912;0,0016392823333333333
3929,0;0,001848877;0,0016543952;0,001643311;0,001648438;0,0016434088
3935,0;0,001966797;0,0016714281666666666;0,001619141;0,001627686;0,0016640628333333333
3941,0;0,001967774;0,0016810711666666667;0,001639161;0,001637452;0,0016496581666666666
3947,0;0,001879151;0,0016597498333333334;0,001634522;0,00161377;0,0016468101666666666
3953,0;0,001883057;0,0016528323333333333;0,001663575;0,001629639;0,0016465663333333333
3958,0;0,001949219;0,0016519536;0,001648194;0,001653565;0,0016482426
3964,0;0,001853516;0,0016654868333333332;0,001650635;0,001646241;0,0016525478333333332
3970,0;0,001830811;0,001656413;0,001646973;0,001632569;0,0016301276666666666
3976,0;0,001837403;0,001625163;0,001638916;0,001645752;0,0016450198333333333
3982,0;0,001796875;0,00165621;0,001627442;0,001626221;0,001645671
3988,0;0,001931397;0,0016436366666666667;0,0016542566666666667;0,00163086;0,0016480716666666668
3993,0;0,001799317;0,0016476569999999999;0,001639405;0,001651123;0,0016420412
3999,0;0,001785401;0,001649659;0,001637207;0,001668213;0,0016682535
4005,0;0,001899414;0,0016590173333333334;0,001651612;0,001643799;0,0016781005
4011,0;0,00175293;0,0016724856666666666;0,001633545;0,001635498;0,0016563724999999999
4017,0;0,001710938;0,0016560875;0,001639649;0,001644287;0,0016599935
4022,0;0,001749268;0,0016390623999999999;0,001638672;0,001661865;0,001644629
4028,0;0,001697998;0,0016566978333333333;0,001642334;0,001642823;0,0016468918333333333
4034,0;0,001695557;0,0016419681666666667;0,00163501;0,001619629;0,0016528731666666666
4040,0;0,001845703;0,0016739914999999998;0,001638184;0,001639405;0,0016645915
4046,0;0,00170337;0,0016402588333333332;0,001645508;0,001630127;0,0016616621666666667
4051,0;0,001793213;0,0016600104;0,00163208;0,001636963;0,0016598634
4057,0;0,001771973;0,0016663821666666667;0,001646973;0,001605225;0,0016503096666666665
4063,0;0,001722412;0,0016473391666666668;0,001631592;0,001638672;0,0016376546666666666
4069,0;0,001824707;0,0016386725;0,001624512;0,001643311;0,001652588
4075,0;0,001861572;0,0016486818333333333;0,001641846;0,001642334;0,0016600751666666666
4081,0;0,001736084;0,0016545415;0,001634278;0,001614258;0,0016596681666666668
4086,0;0,001782959;0,0016720708000000002;0,00166626;0,001643799;0,0016418464
4092,0;0,001830811;0,0016632491666666667;0,001634034;0,001654786;0,0016468103333333334
4098,0;0,001834473;0,0016470133333333333;0,001622803;0,001638184;0,001669637
4104,0;0,001918702;0,0016689045;0,001657471;0,001631836;0,0016542971666666667
4110,0;0,001876709;0,0016510421666666667;0,001623047;0,001634034;0,001628011
4115,0;0,001869873;0,0016414066;0,001636719;0,001625733;0,0016221678
4121,0;0,001770752;0,0016566161666666667;0,001652344;0,00166626;0,0016496993333333333
4127,0;0,001827149;0,0016645920000000001;0,00163086;0,001624268;0,0016489665
4133,0;0,001911621;0,0016512863333333332;0,00165625;0,001651123;0,001652995
4139,0;0,001793457;0,0016657313333333333;0,001641846;0,001645752;0,0016479496666666666
4144,0;0,001801026;0,0016477052;0,00163086;0,001644532;0,0016424322000000002
4150,0;0,001894043;0,0016323656666666665;0,001650147;0,001634034;0,0016576338333333333
4156,0;0,001801026;0,0016566161666666667;0,001634766;0,001646485;0,0016507165000000002
4162,0;0,001799073;0,0016531175000000001;0,001636231;0,001633789;0,0016440028333333334
4168,0;0,001810303;0,0016692713333333333;0,001643555;0,001644043;0,0016560878333333334
4174,0;0,001764649;0,0016476245;0,001650147;0,001642579;0,0016487228333333334
4179,0;0,001761963;0,001661719;0,001639161;0,001644776;0,001627393
4185,0;0,001719727;0,0016475831666666668;0,001636963;0,001661865;0,0016361898333333335
4191,0;0,00168335;0,0016421715;0,001642823;0,001618897;0,0016503093333333334
4197,0;0,00176294;0,0016566976666666667;0,001677002;0,001615235;0,0016084396666666667
4203,0;0,001703614;0,001644613;0,001639893;0,001631592;0,0016455900000000002
4208,0;0,001706055;0,0016484380000000001;0,00164502;0,001635254;0,0016549812
4214,0;0,001772217;0,001653402;0,001663575;0,001654053;0,0016538091666666668
4220,0;0,001705079;0,0016542563333333334;0,001645264;0,001645508;0,00165682
4226,0;0,00171167;0,0016591795000000002;0,001633301;0,001631836;0,0016340743333333333
4232,0;0,001787598;0,0016599526666666667;0,001649659;0,001659912;0,00165564
4237,0;0,001786133;0,0016481936;0,001664063;0,001662842;0,0016536626
4243,0;0,001754395;0,0016727298333333333;0,001648682;0,001636475;0,0016449385
4249,0;0,001782959;0,0016680505;0,001637207;0,001641602;0,0016575933333333333
4255,0;0,00176709;0,0016857509999999999;0,001620362;0,001638184;0,001657756
4261,0;0,001792481;0,0016620279999999999;0,001634278;0,001651123;0,0016482753333333334
4267,0;0,001807862;0,0016457115;0,001664063;0,001640625;0,0016334641666666666
4272,0;0,00170459;0,0016437502;0,00162793;0,00163501;0,001651172
4278,0;0,001741944;0,0016383056666666666;0,001633789;0,001645508;0,0016643883333333333
4284,0;0,001709717;0,001622762;0,001641358;0,001647461;0,0016444501666666668
4290,0;0,001706299;0,0016442871666666665;0,001642579;0,001648926;0,0016737061666666666
4296,0;0,00174292;0,0016566983333333332;0,00160669;0,001638916;0,0016417649999999999
4301,0;0,001733643;0,0016562504;0,001647461;0,001643555;0,0016572756
4307,0;0,001795899;0,0016573895;0,001642334;0,001640625;0,0016409101666666668
4313,0;0,001733155;0,0016424566666666668;0,001668213;0,001647217;0,0016407475
4319,0;0,001763672;0,0016339116666666668;0,001623535;0,001644532;0,0016477053333333333
4325,0;0,001776123;0,0016482755;0,00166333;0,001634278;0,0016552326666666665
4331,0;0,001700928;0,0016348880000000001;0,0016278485;0,001613281;0,0016569014999999999
4336,0;0,001711182;0,0016343263999999999;0,001643311;0,001620606;0,0016403814
4342,0;0,001680664;0,0016630858333333335;0,001630372;0,001658692;0,0016403001666666665
4348,0;0,001678223;0,0016469326666666666;0,001623047;0,001618897;0,0016655281666666665
4354,0;0,001669922;0,0016427823333333333;0,001632813;0,001637207;0,0016641035
4360,0;0,001690674;0,0016458746666666666;0,001646241;0,001638916;0,0016528728333333334
4365,0;0,001689942;0,0016677738;0,001623291;0,001650391;0,0016389654
4371,0;0,001682373;0,0016651618333333334;0,001634522;0,001646485;0,0016447353333333334
4377,0;0,001708496;0,0016222741666666667;0,001666993;0,001670411;0,0016483158333333334
4383,0;0,001699951;0,0016349698333333333;0,001617432;0,001653809;0,0016385095
4389,0;0,001697266;0,0016623543333333334;0,001634034;0,001631836;0,0016588541666666665
4394,0;0,001668946;0,001656641;0,001628174;0,001631104;0,0016578612
4400,0;0,001682373;0,0016438805;0,001627442;0,001619629;0,0016660565000000001
4406,0;0,00171167;0,0016548668333333334;0,001660889;0,001634766;0,001660034
4412,0;0,001670166;0,0016523851666666667;0,001633545;0,00164917;0,001660482
4418,0;0,001668701;0,001649333;0,001627686;0,001642334;0,0016393231666666666
4424,0;0,001675293;0,0016554368333333333;0,001644043;0,00164087;0,0016451825
4429,0;0,001692871;0,0016573246;0,001664795;0,001645996;0,0016503418
4435,0;0,001692139;0,0016507568333333335;0,001643311;0,00164087;0,0016507163333333331
4441,0;0,001672852;0,001660604;0,001654053;0,001661133;0,0016679283333333333
4447,0;0,001680908;0,0016514486666666666;0,001644532;0,001614746;0,0016463628333333335
4453,0;0,001682129;0,00164266;0,001629395;0,001664063;0,001656413
4458,0;0,001679444;0,0016521004;0,001661865;0,001664551;0,0016691896
4464,0;0,00166919;0,0016452235;0,001642823;0,001633789;0,0016610518333333333
4470,0;0,001678467;0,0016431076666666667;0,00166211;0,001669434;0,0016603601666666666
4476,0;0,001660889;0,0016530361666666667;0,001619385;0,001614258;0,0016545416666666666
4482,0;0,001666993;0,0016527916666666668;0,001652832;0,001640137;0,0016333826666666668
4487,0;0,001690674;0,0016474616;0,001656006;0,001648926;0,0016573246000000002
4493,0;0,001646485;0,0016647543333333332;0,001657959;0,001633301;0,0016630861666666668
4499,0;0,001682129;0,001644247;0,001647461;0,001649903;0,0016644695
4505,0;0,001644287;0,0016453050000000001;0,001650879;0,001636231;0,001641195
4511,0;0,001653565;0,0016403816666666668;0,001631348;0,00165918;0,0016421716666666667
4517,0;0,001665283;0,0016304118333333333;0,001630372;0,001644287;0,0016408693333333333
4522,0;0,001679688;0,0016478028;0,001640137;0,001629639;0,0016647954
4528,0;0,001651368;0,0016619471666666666;0,001655518;0,00164502;0,0016578781666666666
4534,0;0,001672852;0,0016446948333333333;0,001659668;0,001626954;0,0016473389999999998
4540,0;0,001670655;0,0016339524999999999;0,00163208;0,001629395;0,0016593836666666667
4546,0;0,001656739;0,0016289065;0,001626465;0,001645752;0,0016623133333333333
4551,0;0,001704834;0,0016471196;0,00164087;0,001620117;0,0016523932000000001
4557,0;0,00168042;0,0016618251666666666;0,00162793;0,001648682;0,001652548
4563,0;0,001675293;0,0016495773333333333;0,001631836;0,001634034;0,0016632486666666667
4569,0;0,001723145;0,0016333015000000002;0,001634278;0,00164502;0,0016451421666666666
4575,0;0,001670411;0,0016308193333333333;0,001630616;0,001638428;0,0016453865
4580,0;0,001663819;0,0016414064;0,001639161;0,001641358;0,0016521002
4586,0;0,001651368;0,0016511638333333333;0,001639405;0,001631592;0,0016623133333333333
4592,0;0,001649903;0,0016725263333333333;0,001618653;0,001642823;0,0016553146666666667
4598,0;0,001674073;0,0016590173333333332;0,001664063;0,001649903;0,0016460375
4604,0;0,001646485;0,0016402588333333332;0,001647461;0,001638184;0,0016510420000000001
4610,0;0,001666993;0,0016461586666666665;0,001617676;0,001658204;0,0016448165
4615,0;0,001681885;0,0016495122;0,001649903;0,001675537;0,0016577637999999999
4621,0;0,001646485;0,0016415613333333333;0,001658447;0,001639405;0,0016475428333333332
4627,0;0,001659424;0,0016374513333333332;0,001647705;0,001640137;0,0016612551666666667
4633,0;0,001662842;0,001634318;0,001646973;0,001635742;0,0016594643333333334
4639,0;0,00166919;0,0016321615;0,001630616;0,001644287;0,001648682
4644,0;0,001661621;0,0016271488;0,001627686;0,001644043;0,0016432130000000001
4650,0;0,001653565;0,0016438803333333333;0,001635742;0,001623291;0,001641724
4656,0;0,001679932;0,0016549885;0,001633789;0,001654541;0,0016495361666666666
4662,0;0,001689942;0,0016420498333333334;0,00168042;0,001630372;0,0016415613333333333
4668,0;0,001641358;0,0016336676666666666;0,001665528;0,001627198;0,0016349698333333333
4673,0;0,001677002;0,0016337083333333334;0,001648682;0,0016473396666666668;0,001637126
4679,0;0,001671875;0,0016553716;0,00163794;0,001641602;0,0016529296
4685,0;0,00165625;0,0016598308333333333;0,001669678;0,001662354;0,0016455081666666665
4691,0;0,001667481;0,0016631271666666667;0,00164502;0,001631836;0,0016626385
4697,0;0,001662842;0,0016648356666666667;0,001612793;0,001631836;0,0016642665
4703,0;0,001652588;0,0016674806666666668;0,001635742;0,001633057;0,0016477465
4708,0;0,00167334;0,0016294922;0,001635254;0,001651368;0,0016441408
4714,0;0,001663575;0,0016347254999999998;0,001642823;0,001621338;0,0016387538333333333
4720,0;0,001668701;0,0016535651666666666;0,001622315;0,001663086;0,0016537684999999999
4726,0;0,001683594;0,0016447348333333335;0,001648438;0,001690918;0,0016616621666666665
4732,0;0,001677735;0,0016606448333333335;0,001626709;0,001642579;0,0016408288333333333
4737,0;0,001658692;0,0016625494;0,00162378;0,00164502;0,0016437014
4743,0;0,001655762;0,001660075;0,001637207;0,001631104;0,0016457113333333332
4749,0;0,001663819;0,0016533613333333335;0,001640137;0,001649659;0,0016532803333333334
4755,0;0,001667969;0,0016258549999999998;0,001643555;0,001663575;0,0016775718333333334
4761,0;0,001695557;0,0016503093333333334;0,001644287;0,001676514;0,001669719
4767,0;0,001664551;0,0016413983333333332;0,001656006;0,001639649;0,0016322436666666666
4772,0;0,001648194;0,0016462408;0,001646485;0,001653321;0,0016664554
4778,0;0,001669678;0,0016502281666666667;0,00164087;0,001645508;0,0016555996666666668
4784,0;0,001641602;0,0016333416666666667;0,001631592;0,001635498;0,0016344813333333333
4790,0;0,0016521;0,0016368005;0,001640137;0,00166211;0,0016528731666666666
4796,0;0,001665039;0,001643474;0,001630616;0,001626465;0,0016594645
4801,0;0,001635254;0,0016605472;0,001639161;0,001660645;0,0016460455999999998
4807,0;0,001685303;0,0016431885;0,001645508;0,001625977;0,0016505131666666667
4813,0;0,001671387;0,0016576334999999999;0,001646241;0,001669434;0,0016645108333333334
4819,0;0,001637452;0,0016532395;0,001625733;0,001640381;0,0016389163333333334
4825,0;0,001684327;0,001646322;0,001654297;0,001633057;0,0016322835
4830,0;0,001672608;0,001622608;0,001635742;0,001625977;0,001617432
4836,0;0,001677246;0,0016407473333333333;0,001634278;0,001670899;0,0016436775
4842,0;0,001682373;0,0016233321666666667;0,001637452;0,001627686;0,0016628831666666668
4848,0;0,001677735;0,001641887;0,001633545;0,001634766;0,001645183
4854,0;0,001669678;0,0016601158333333335;0,001649659;0,001655274;0,0016604415
4860,0;0,00167334;0,0016335453333333333;0,001647705;0,001639161;0,0016384686666666667
4865,0;0,001646241;0,0016483892;0,001633545;0,001645996;0,001637989
4871,0;0,001666504;0,00166211;0,001639405;0,00166626;0,0016387535000000001
4877,0;0,001675049;0,0016485598333333333;0,00164209;0,001614258;0,001653117
4883,0;0,001668701;0,0016619871666666668;0,001670899;0,001636963;0,0016494959999999999
4889,0;0,001684082;0,001666708;0,001662598;0,001660645;0,001660604
4894,0;0,001672608;0,0016697274;0,001641602;0,001648926;0,0016542972000000002
4900,0;0,001667481;0,0016645101666666667;0,001632569;0,001639405;0,0016510825
4906,0;0,00167627;0,0016397299999999998;0,001615235;0,001645264;0,0016571856666666666
4912,0;0,001634278;0,0016484375;0,00163794;0,001641846;0,0016499028333333333
4918,0;0,001685791;0,0016468505;0,001634766;0,001658204;0,0016384281666666667
4923,0;0,001655762;0,0016387696;0,001664063;0,001644532;0,0016438966
4929,0;0,001657471;0,001659953;0,001635498;0,001635987;0,0016227628333333334
4935,0;0,001657715;0,0016578368333333333;0,001662598;0,001633301;0,0016090091666666666
4941,0;0,00165918;0,0016367598333333333;0,001627442;0,001635498;0,0016523438333333332
4947,0;0,001656739;0,0016417646666666667;0,001644532;0,001640381;0,001667277
4953,0;0,001653321;0,0016398933333333335;0,001689698;0,001645264;0,0016564536666666665
4958,0;0,001650147;0,0016383794;0,001653565;0,00163086;0,0016583498
4964,0;0,001641602;0,0016451015000000001;0,001650147;0,001635498;0,0016541348333333334
4970,0;0,001650879;0,0016515708333333333;0,001630616;0,001639893;0,0016758628333333333
4976,0;0,001664795;0,0016529955;0,001644043;0,001626221;0,0016657716666666667
4982,0;0,001666748;0,001650432;0,001649903;0,001631104;0,0016575519999999999
4987,0;0,001675049;0,001641895;0,00166626;0,001662354;0,0016383300000000001
4993,0;0,001647705;0,0016356205;0,00165503;0,001626221;0,0016415206666666668
4999,0;0,001672852;0,0016453451666666667;0,001647705;0,001648682;0,0016418461666666668
5005,0;0,001646973;0,001656006;0,001654297;0,001624024;0,0016511645
5011,0;0,001673584;0,0016552741666666668;0,001643067;0,001648682;0,0016785078333333334
5016,0;0,001668213;0,001650228;0,001618653;0,0016547853333333334;0,001666016
5022,0;0,001643067;0,001657129;0,001619385;0,001648926;0,0016675782000000001
5028,0;0,001662842;0,0016531173333333333;0,00164209;0,0016521;0,0016540935
5034,0;0,001650147;0,0016483968333333332;0,001629151;0,001632813;0,001670614
5040,0;0,00166626;0,0016479083333333332;0,001624268;0,001661133;0,001663981
5046,0;0,001658936;0,0016271973333333333;0,001638916;0,001657715;0,0016592208333333334
5051,0;0,001657227;0,0016498046;0,001652344;0,001643555;0,0016385744
5057,0;0,001653077;0,0016583256666666667;0,001643799;0,001653077;0,0016427008333333333
5063,0;0,001642579;0,0016306153333333333;0,001639649;0,001655274;0,001635987
5069,0;0,001657959;0,0016396491666666665;0,001632569;0,001625245;0,0016365155
5075,0;0,001651123;0,0016604823333333332;0,001618897;0,001628907;0,0016406255000000001
5080,0;0,001654786;0,0016667974;0,001669922;0,001647217;0,001647022
5086,0;0,001646729;0,0016481526666666667;0,001641602;0,001632569;0,0016561688333333333
5092,0;0,00167334;0,0016560869999999999;0,001636963;0,00165503;0,0016564941666666667
5098,0;0,001656739;0,0016651611666666667;0,001628907;0,001660401;0,00166683
5104,0;0,001685791;0,0016394456666666665;0,001635498;0,001645508;0,0016679285
5110,0;0,00166626;0,001677979;0,0016442871666666667;0,001658692;0,0016555183333333333
5115,0;0,001646241;0,0016490728;0,001654053;0,001632813;0,0016476082
5121,0;0,001650879;0,0016465656666666665;0,00163208;0,001655762;0,0016496993333333333
5127,0;0,001689209;0,0016764323333333334;0,001636719;0,001626221;0,0016436768333333335
5133,0;0,001685059;0,001655274;0,001644043;0,001638184;0,0016559656666666667
5139,0;0,001681885;0,0016726888333333334;0,001667237;0,001614746;0,0016739503333333332
5144,0;0,001654053;0,0016719732;0,001613037;0,001640625;0,0016496588
5150,0;0,001666748;0,0016694341666666668;0,001631836;0,001660889;0,001646688
5156,0;0,001677979;0,0016502691666666668;0,001608887;0,001622315;0,0016614993333333335
5162,0;0,001662842;0,00165503;0,001632569;0,001667481;0,0016441653333333333
5168,0;0,001653077;0,0016563315;0,001656006;0,001671387;0,0016474611666666666
5173,0;0,001642579;0,0016414067999999998;0,001641114;0,001640381;0,0016627932
5179,0;0,001640625;0,0016328126666666667;0,001638916;0,001625977;0,0016623941666666668
5185,0;0,001646729;0,0016336676666666666;0,001640137;0,001654297;0,0016431076666666667
5191,0;0,001658692;0,0016458339999999999;0,001644532;0,00163501;0,0016453050000000001
5197,0;0,001664307;0,0016593831666666667;0,001647705;0,001618897;0,0016430258333333333
5203,0;0,001638184;0,001631511;0,001650635;0,001656006;0,0016537273333333334
5208,0;0,001675782;0,0016497074;0,001645996;0,001635987;0,0016364748
5214,0;0,001666504;0,0016364345;0,001641846;0,00164917;0,0016273194999999999
5220,0;0,001665528;0,0016478273333333333;0,001648682;0,001632569;0,0016400966666666667
5226,0;0,001672608;0,001644979;0,001643311;0,001650147;0,0016385504999999999
5232,0;0,001671143;0,0016317956666666667;0,001642334;0,001638916;0,0016446126666666667
5237,0;0,001659912;0,0016604494;0,001646485;0,001654541;0,0016413088
5243,0;0,001665772;0,0016385096666666665;0,001642823;0,001650391;0,0016488853333333333
5249,0;0,001637696;0,0016390789999999999;0,001618653;0,001646241;0,0016435141666666666
5255,0;0,001662842;0,0016340743333333335;0,001658204;0,001656494;0,0016341558333333333
5261,0;0,001645264;0,0016464438333333334;0,001647461;0,001655762;0,0016317548333333333
5266,0;0,001660889;0,0016325684;0,001637207;0,001651612;0,0016499512
5272,0;0,001658447;0,0016583255000000002;0,00163501;0,001630372;0,0016614585000000002
5278,0;0,001675293;0,0016299236666666667;0,001626221;0,001624024;0,0016388353333333333
5284,0;0,00167212;0,0016586511666666667;0,001625733;0,001644532;0,0016356615
5290,0;0,001661133;0,0016543786666666667;0,001650879;0,001655274;0,0016331386666666667
5296,0;0,001651856;0,0016417241666666666;0,001641114;0,001625977;0,0016427414999999998
5301,0;0,001672608;0,001634961;0,001641114;0,00162378;0,0016564944
5307,0;0,001666504;0,0016394856666666667;0,001657471;0,001647949;0,0016445723333333333
5313,0;0,001682618;0,0016274008333333333;0,001650391;0,00164209;0,001653402
5319,0;0,00166211;0,0016292318333333334;0,00161792;0,001625;0,0016400961666666668
5325,0;0,001661865;0,0016653244999999999;0,001652344;0,001652344;0,0016438805
5330,0;0,001669922;0,0016549808;0,001625;0,001647705;0,001649756
5336,0;0,001684815;0,0016632491666666667;0,001638184;0,001655274;0,0016354173333333333
5342,0;0,00168335;0,0016444095;0,0016521;0,001619629;0,0016402591666666666
5348,0;0,001657959;0,0016521403333333335;0,001649414;0,001612549;0,001647746
5354,0;0,001637452;0,001636841;0,001633789;0,001614258;0,0016218668333333333
5359,0;0,001658692;0,0016394863333333333;0,001622803;0,001639161;0,0016298016666666667
5365,0;0,001657959;0,0016332038;0,001633789;0,001648926;0,001626123
5371,0;0,001675537;0,0016251633333333334;0,0016521;0,001623291;0,0016487633333333333
5377,0;0,001653809;0,001654134;0,001636231;0,001652344;0,0016497398333333332
5383,0;0,001656494;0,0016406251666666667;0,00161792;0,001661621;0,0016790368333333334
5389,0;0,0016521;0,0016448573333333334;0,001642334;0,001644043;0,0016541339999999998
5394,0;0,001670411;0,0016416018;0,001626221;0,001643067;0,0016534186
5400,0;0,001652344;0,001648926;0,001677002;0,001631592;0,001638306
5406,0;0,001666504;0,0016697591666666668;0,001643311;0,001624756;0,0016470133333333333
5412,0;0,001661133;0,0016577148333333333;0,001655274;0,001652344;0,0016512456666666667
5418,0;0,001641114;0,001653931;0,001614258;0,001629395;0,001635132
5423,0;0,001657227;0,0016516602;0,001653565;0,001648926;0,001650196
5429,0;0,001664307;0,0016574305;0,001651856;0,001626221;0,0016419685000000001
5435,0;0,001649903;0,0016365153333333332;0,001641602;0,001622071;0,0016566975000000001
5441,0;0,001660889;0,0016212975;0,001665283;0,001604981;0,0016469318333333332
5447,0;0,001674073;0,0016523034999999999;0,001635987;0,001634766;0,0016589353333333334
5453,0;0,001634766;0,0016292318333333334;0,0016167401666666668;0,001640381;0,0016451825
5458,0;0,001638184;0,0016385254;0,001638916;0,001627686;0,0016580572
5464,0;0,001639893;0,0016486415000000001;0,001632813;0,001642334;0,0016425783333333334
5470,0;0,00164087;0,0016383063333333333;0,001644287;0,00161084;0,0016313478333333333
5476,0;0,001651856;0,0016567386666666668;0,001645264;0,001633789;0,0016461588333333333
5482,0;0,001638184;0,0016494956666666667;0,001665039;0,001647461;0,0016534831666666669
5487,0;0,001668213;0,0016312018000000001;0,001633789;0,001629395;0,001640625
5493,0;0,001650635;0,0016485596666666667;0,001636963;0,00161377;0,0016311036666666666
5499,0;0,001657959;0,0016385903333333333;0,001636231;0,001629639;0,0016510421666666667
5505,0;0,001662354;0,0016373703333333331;0,001629395;0,001677979;0,0016442873333333333
5511,0;0,001652344;0,0016332201666666667;0,001660645;0,001653077;0,0016642658333333334
5516,0;0,001642334;0,0016420906;0,001643311;0,001667237;0,0016362794
5522,0;0,001663086;0,0016414803333333334;0,001639893;0,001621582;0,0016495365
5528,0;0,001653077;0,0016553149999999999;0,001658447;0,001620117;0,0016676439999999998
5534,0;0,001635987;0,0016577965;0,001644287;0,001639649;0,0016547451666666666
5540,0;0,001670899;0,0016497808333333333;0,001641114;0,001642823;0,001661377
5546,0;0,001679932;0,0016457523333333333;0,001638916;0,001619873;0,0016657716666666667
5551,0;0,001646241;0,0016521;0,001652832;0,0016521;0,0016555176
5557,0;0,001660156;0,0016375331666666666;0,001633789;0,001647217;0,0016473395
5563,0;0,001651856;0,0016389571666666665;0,001653565;0,001654541;0,001660686
5569,0;0,001660889;0,0016439621666666667;0,001639161;0,001657715;0,0016422125
5575,0;0,001657471;0,0016417243333333334;0,001635742;0,001635254;0,0016505541666666666
5580,0;0,001660401;0,0016256836;0,001635987;0,001628662;0,0016323738
5586,0;0,001624268;0,0016171468333333334;0,00164209;0,001642579;0,0016491705
5592,0;0,001660156;0,0016493735;0,001650879;0,001658447;0,0016505133333333333
5598,0;0,001679688;0,0016580401666666665;0,001634522;0,001631348;0,0016576338333333333
5604,0;0,001647949;0,0016462403333333334;0,001618653;0,001645996;0,0016435141666666666
5609,0;0,001663086;0,0016473149999999999;0,001639161;0,001645752;0,0016351074000000001
5615,0;0,001652588;0,001628459;0,001634278;0,001641358;0,0016378581666666669
5621,0;0,001667237;0,0016430261666666667;0,001642579;0,001651368;0,0016272786666666665
5627,0;0,001649659;0,0016416423333333332;0,00163501;0,00165503;0,0016349691666666666
5633,0;0,001645264;0,0016428633333333332;0,001635987;0,001625;0,0016375738333333331
5639,0;0,00168457;0,0016599935;0,001642334;0,001648682;0,0016539718333333333
5644,0;0,001674805;0,0016422364;0,00163208;0,001651123;0,001658203
5650,0;0,001666016;0,0016408288333333333;0,001669678;0,001660401;0,001630982
5656,0;0,001661865;0,0016627611666666668;0,001620362;0,001637696;0,0016383065
5662,0;0,001666993;0,0016366788333333335;0,00164209;0,001641602;0,0016463625
5668,0;0,001648682;0,0016727301666666667;0,001625977;0,001645264;0,0016576335
5673,0;0,001643555;0,0016532233999999998;0,001644043;0,001656494;0,0016438479999999998
5679,0;0,001649414;0,0016340335;0,001650147;0,001624512;0,0016494555
5685,0;0,001650147;0,0016665853333333335;0,001644043;0,001620117;0,0016517746666666667
5691,0;0,001635498;0,0016548665;0,001636963;0,001633789;0,0016327318333333332
5697,0;0,001628662;0,0016543788333333333;0,001655274;0,001620362;0,0016437586666666667
5702,0;0,001645508;0,0016474124;0,001659912;0,001635742;0,0016578618000000001
5708,0;0,001664307;0,0016485596666666667;0,001636231;0,001619873;0,0016596275
5714,0;0,001676758;0,0016290283333333332;0,001634766;0,001649414;0,0016354173333333335
5720,0;0,001646241;0,0016524658333333334;0,001608155;0,001628174;0,0016523851666666667
5726,0;0,001625489;0,0016486006666666666;0,001638672;0,001643555;0,0016669114999999998
5732,0;0,001655518;0,0016566981666666666;0,001640137;0,001639649;0,0016490076666666668
5737,0;0,001677002;0,0016395512;0,001643555;0,001655274;0,0016512696
5743,0;0,001658692;0,0016540935;0,001622803;0,001642579;0,0016505945
5749,0;0,001647461;0,0016463623333333333;0,001662842;0,001652832;0,0016767986666666667
5755,0;0,001653565;0,0016350913333333333;0,001637207;0,001639405;0,0016418456666666668
5761,0;0,001650879;0,0016528326666666667;0,001636475;0,001660156;0,001633789
5766,0;0,001649903;0,0016336918;0,001628174;0,001658692;0,0016392578
5772,0;0,001638672;0,0016602783333333334;0,00164209;0,00163501;0,001651815
5778,0;0,001669434;0,0016502688333333332;0,001646729;0,00165503;0,001633098
5784,0;0,00164209;0,0016636563333333335;0,001632813;0,001612549;0,0016449795
5790,0;0,001677246;0,001664958;0,001633301;0,001625977;0,001648194
5796,0;0,001649659;0,0016525476666666666;0,0016417241666666668;0,001615235;0,0016323248333333332
5801,0;0,001657471;0,0016368653999999999;0,001643555;0,001633301;0,0016514166
5807,0;0,001656006;0,0016427008333333333;0,001654786;0,001625733;0,0016677654999999998
5813,0;0,001656983;0,0016620286666666668;0,001634034;0,00163794;0,0016642253333333332
5819,0;0,001657471;0,0016504721666666666;0,00163208;0,001631104;0,0016563726666666667
5825,0;0,001665772;0,0016663818333333333;0,001645264;0,001629883;0,0016531983333333332
5830,0;0,001676514;0,0016514164;0,001641114;0,001628662;0,0016559576
5836,0;0,00165918;0,0016540531666666665;0,001636963;0,001626221;0,0016597906666666667
5842,0;0,001671875;0,0016471763333333334;0,001639893;0,001643311;0,0016443285
5848,0;0,001690186;0,0016444905;0,001650391;0,001622803;0,0016394865
5854,0;0,001651123;0,001649577;0,001643555;0,001618897;0,0016536051666666666
5859,0;0,001667237;0,0016545414;0,001624512;0,001649659;0,0016365724000000001
5865,0;0,001659424;0,001646973;0,001627686;0,001650391;0,0016543786666666667
5871,0;0,001650391;0,0016269531666666666;0,001635254;0,00162085;0,0016764326666666668
5877,0;0,001681153;0,0016470951666666667;0,001644287;0,001635987;0,0016587728333333333
5883,0;0,001651123;0,0016335451666666667;0,001629395;0,001616944;0,0016333826666666666
5889,0;0,001647949;0,0016345621666666666;0,0016521;0,001621338;0,001647461
5894,0;0,001651368;0,0016376468;0,001650879;0,001638184;0,0016356934
5900,0;0,001643067;0,0016489665;0,001625245;0,001634522;0,0016609293333333334
5906,0;0,001670411;0,0016228438333333334;0,001666504;0,001628418;0,0016455896666666668
5912,0;0,001657227;0,0016566571666666668;0,001652832;0,001643799;0,001656413
5918,0;0,001654053;0,0016657718333333332;0,001634278;0,001653077;0,001662679
5923,0;0,001656494;0,0016392584;0,001646485;0,001647949;0,0016402836
5929,0;0,001671631;0,0016205656666666666;0,001642579;0,001639649;0,0016558836666666667
5935,0;0,001670899;0,0016515308333333333;0,001632325;0,001625977;0,0016585293333333333
5941,0;0,001666016;0,0016527106666666667;0,001658447;0,001629151;0,0016494548333333332
5947,0;0,00166333;0,001651612;0,001660645;0,001619873;0,0016424158333333335
5952,0;0,001659424;0,0016500496;0,001633789;0,001632325;0,0016411627999999999
5958,0;0,001645508;0,0016474206666666667;0,001637452;0,001653565;0,0016500656666666666
5964,0;0,001671143;0,0016341555000000002;0,001636719;0,001672608;0,0016435143333333334
5970,0;0,001667481;0,0016206053333333334;0,001666016;0,001631104;0,0016459151666666665
5976,0;0,001652832;0,001643433;0,001647461;0,001649414;0,0016737881666666666
5982,0;0,001635742;0,0016600346666666667;0,001653077;0,001626709;0,0016596683333333334
5987,0;0,001678711;0,001652198;0,001631592;0,001650635;0,0016594732
5993,0;0,001659912;0,001644979;0,001647949;0,001651856;0,0016644693333333334
5999,0;0,001669678;0,0016649988333333333;0,001612061;0,001646241;0,0016500246666666667
6000,0;0,001668213;0,00166919;0,001643311;0,001662842;0,001646973
