Wavelength;./data/KMnO4-HIGH-CONC.txt;./data/WATER.txt;./data/KMnO4-DILUTED.txt
1071,8034269338782;0,004765138;0,007845704999999998;0,005242188
1071,229883686442;0,004745118;0,007908692999999998;0,005206056
1070,7708900676923;0,004779542;0,007900392;0,005274659
1070,1969493676147;0,004885499;0,007975587;0,005180665
1069,5079292913176;0,004732179;0,007862793999999998;0,005140137
1068,8185916959949;0,004784913;0,007899415;0,005177491
1068,243901298281;0,004661378;0,007754152;0,005082764
1067,5539821163416;0,004676026;0,007665039999999999;0,004994385
1066,863745995471;0,004806642;0,007760744;0,005117921
1066,1731931405884;0,004656983;0,007536621999999998;0,004979981
1065,4823237567077;0,00460376;0,007527345;0,005003175
1064,9063576251285;0,004688966;0,007582275999999998;0,005122071
1064,2149084708626;0,004506348;0,007492432999999998;0,005130616
1063,5231433689803;0,004528077;0,007502441999999998;0,005061769
1062,831062524856;0,004525392;0,007453126;0,005058838
1062,1386661439558;0,004463624;0,0074292;0,004938721
1061,5614282731349;0,00443213;0,007513429;0,004955567
1060,8684539421017;0,004439942;0,007345461;0,004857667
1060,1751646569585;0,004428467;0,007270752999999999;0,004826417
1059,4815606235318;0,004506104;0,007373048;0,004837403
1058,7876420477407;0,004345216;0,007236328999999999;0,004689454
1058,0934091355984;0,004385987;0,00712549;0,004720703
1057,5146417394594;0,004550293;0,007246339;0,004746094
1056,8198330793768;0,004457032;0,007090333;0,004652589
1056,1247106671524;0,004431153;0,00709424;0,004806397
1055,4292747091563;0,004424805;0,00702173;0,004784913
1054,7335254118518;0,004416749;0,007032716;0,004782471
1054,1534951233664;0,00456006;0,006973391;0,004983399
1053,4571719072032;0,004465333;0,006861573;0,004947267
1052,760535937216;0,004479493;0,006766114;0,004947022
1052,0635874202244;0,004621583;0,006930909;0,005039308
1051,3663265631408;0,004500489;0,006800294;0,005054688
1050,78503740512;0,004562745;0,006773927;0,005030274
1050,0872044622395;0,004701905;0,006896242;0,005220948
1049,389059766022;0,004766114;0,006819337;0,005322022
1048,6906035237353;0,004816163;0,006908205;0,005455566
1047,9918359427388;0,004897217;0,007009278;0,005570557
1047,2927572304854;0,004883301;0,006989747;0,005638185
1046,709954116961;0,004996338;0,007061036;0,005745118
1046,0103055365096;0,004903809;0,007187014;0,005845215
1045,3103464130843;0,004964112;0,007158204;0,005884035
1044,6100769544912;0,005163575;0,007317139999999998;0,006115724
1043,9094973686288;0,005089845;0,007369386;0,006098634
1043,3254442943537;0,005125489;0,007496095;0,006191896
1042,6242966820944;0,005357422;0,007699952;0,006506104
1041,9228395321109;0,005358644;0,007835939;0,006632569
1041,2210730526535;0,005531983;0,008054933;0,006785402
1040,5189974520656;0,005561036;0,008093506999999998;0,006996583
1039,933698467751;0,00557129;0,008116945;0,00694629
1039,2310566865071;0,005618653;0,008231935;0,007151613
1038,5281063749346;0,005686036;0,008388184999999998;0,00709961
1037,8248477417285;0,005675538;0,008478028999999998;0,007283203999999998
1037,1212809956742;0,00590796;0,008618897;0,007437013999999999
1036,4174063456487;0,005808839;0,008610598;0,007293458
1035,8306090836297;0,005813966;0,008669436;0,007388429
1035,1261704857948;0,006003907;0,008877932;0,007548341
1034,4214245763033;0,005967531;0,008903321;0,007520265
1033,7163715643835;0,005971437;0,008896485;0,007552248
1033,011011659353;0,006047853;0,00900879;0,007592042999999998
1032,422977457333;0,005925294;0,008992188;0,007547364
1031,717055458883;0,005958253;0,00899341;0,007496583
1031,0108271608858;0,005937257;0,008881593;0,00742676
1030,3042927730091;0,005810304;0,008907717;0,007367677
1029,597452505011;0,00595337;0,009020509;0,007463868
1029,0081854413133;0,005890871;0,008946534;0,00725635
1028,3007849381834;0,005940187;0,008971925;0,007186769
1027,5930791497403;0,006045167;0,009035891;0,007364258999999998
1026,8850682860902;0,005940187;0,008902589;0,007182374
1026,1767525574296;0,005874269;0,00892676;0,007075196
1025,468132174045;0,00579419;0,008949221;0,006972902
1024,8773826173074;0,005749512;0,008743654;0,00691089
1024,168204246726;0,005720215;0,008775147;0,006823487
1023,4587218177253;0,00547998;0,008596437;0,006649903
1022,748935540939;0,005398195;0,008447266999999998;0,00645752
1022,0388456270907;0,005474854;0,008519288;0,006408692
1021,4468722393284;0,005400879;0,008256348999999998;0,006231202
1020,7362262051288;0,005345948;0,008140869999999998;0,006178957
1020,0252771314069;0,005317628;0,008016115;0,006177247
1019,3140252292318;0,005177002;0,007796876;0,006008546
1018,6024707097622;0,005076661;0,007848390999999998;0,005851319
1018,0092775966181;0,005129883;0,007696777999999999;0,005848145
1017,2971688274996;0,004958985;0,007496583;0,005649903
1016,5847580398579;0,005014649;0,007471437;0,005673584
1015,8720454451952;0,004908692;0,007244874;0,005522705
1015,1590312551044;0,004946534;0,007087648;0,005567627
1014,4457156812676;0,00498877;0,007107912;0,005692872
1013,8510559654884;0,004870118;0,007004395;0,005543702
1013,1371884048654;0,004800538;0,006851808;0,005492188
1012,4230200607475;0,004905274;0,006940187;0,005714112
1011,7085511451595;0,004840333;0,006876466;0,005566407
1010,993781870215;0,004910157;0,006982667;0,005752931
1010,3979115196778;0,005107179;0,006933351;0,005746095
1009,6825921371163;0,004990724;0,006791993;0,005666993
1008,9669729966715;0,005125;0,006911867;0,005768556
1008,2510543107993;0,005000733;0,00682129;0,005747804
1007,5348362920439;0,005020265;0,006739259;0,00566211
1006,8183191530383;0,005092286;0,00689502;0,005793702
1006,2209931960301;0,00503418;0,006855226;0,005848145
1005,5039282224492;0,00505542;0,00692627;0,005785645
1004,7865647315609;0,005195558;0,007022706;0,005879152
1004,068902936338;0,005180665;0,007124757;0,00580713
1003,350943049843;0,005207032;0,007021486;0,005847657
1002,752415589594;0,005294923;0,007144288;0,005843263
1002,0339097560951;0,005154053;0,007031739;0,00570044
1001,3151064354792;0,005224122;0,007159669;0,005648194
1000,5960058411466;0,005109376;0,007023683;0,005579591
999,8766081865869;0,004937745;0,006975343;0,00551416
999,2768833741961;0,005029786;0,007095461;0,005519288
998,5569416639901;0,004875001;0,00686548;0,005288819
997,8367034989208;0,004807862;0,006803468;0,005204346
997,116169092815;0,004892579;0,006722658;0,005258546
996,3953386595869;0,004799806;0,006500001;0,005176026
995,6742124132394;0,004735108;0,006530519;0,005229492
995,0730480607142;0,004730225;0,006385988;0,005295167
994,3513800464176;0,004663819;0,006263673;0,00522461
993,6294168258187;0,004742432;0,006293214;0,005403077
992,9071586132561;0,004729493;0,006098878;0,005529298
992,1846056231566;0,004755128;0,006140382;0,005561769
991,5822531088797;0,005029297;0,006207276;0,005871583
990,8591602504986;0,005001954;0,006106203;0,006094972
990,1357732225965;0,005040772;0,006163087;0,006463869
989,4120922399352;0,005415528;0,006385988;0,007014406
988,6881175173638;0,00568042;0,006443849;0,007505861
988,0845810189631;0,006080568;0,006725099;0,008058839999999998
987,3600683315219;0,006329347;0,007065431;0,008696535
986,6352625133817;0,006557863;0,007212403;0,009266358
985,9101637797255;0,006924807;0,00767212;0,01006128
985,1847723458228;0,007522463;0,008035158;0,01096362
984,4590884270302;0,007995362;0,008598144999999998;0,01169165
983,8541285575081;0,008414797;0,009214356000000002;0,01256323
983,1279089760347;0,008876953999999998;0,009692384;0,0131565
982,4013975203197;0,009384523;0,0103523;0,01394702
981,6745944060525;0,01014917;0,0113313;0,01506104
980,9474998490085;0,01080469;0,01223853;0,01592456
980,3413652439712;0,01114746;0,01295288;0,01675489
979,6137369358744;0,01169068;0,01367481;0,01760401
978,8858177968351;0,01200269;0,01433814;0,01814087
978,1576080429605;0,01253345;0,0151355;0,01894922
977,4291078904437;0,01308228;0,01614551;0,01997998
976,8218027537492;0,01353296;0,01697461;0,02064063
976,0927707655098;0,01404981;0,01780567;0,02139014
975,3634489916437;0,01439234;0,0185625;0,02214478
974,6338376486744;0,01476489;0,01928858;0,02261255
973,9039369532118;0,01527539;0,02030713;0,02361793
973,1737471219507;0,01563867;0,02111353;0,02420679
972,56503488467;0,01608594;0,0219502;0,0249524
971,8343155342028;0,0164961;0,02259326;0,0255149
971,103307662373;0,01661524;0,02313355;0,02587159
970,3720114862047;0,01703101;0,02386011;0,02649512
969,6404272228078;0,0172312;0,02447339;0,02706519
969,030553760037;0,01756812;0,02502125;0,02742139
968,2984419008862;0,01790064;0,02571314;0,02797877
967,5660425701153;0,01800953;0,0262046;0,0283313
966,8333559851607;0,01827784;0,02658326;0,02882227
966,100382363545;0,01859131;0,02741309;0,02926563
965,4893519050729;0,01866455;0,02787037;0,02961451
964,7558526148156;0,01893946;0,02821314;0,02988477
964,0220669046728;0,0192146;0,02864429;0,03028565
963,2879949924936;0,01924146;0,02898267;0,03033716
962,5536370962121;0,01924512;0,0294314;0,03059571
961,8189934338465;0,01925147;0,02974756;0,03074439
961,2065722456867;0,01935694;0,03000489;0,03064722
960,4714052453577;0,01938379;0,03033814;0,03073658
959,7359530971246;0,01921729;0,03057178;0,0304148
959,0002160193304;0,01921924;0,0306189;0,03035499
958,2641942304036;0,01911011;0,03084864;0,02989625
957,650625409604;0,01874414;0,03092359;0,02920118
956,9140822178537;0,01849219;0,03091675;0,02857178
956,1772549343088;0,0181189;0,03085816;0,02789917
955,4401437777213;0,017646;0,03055274;0,02714429
954,7027489669271;0,01724488;0,03023584;0,02613868
954,0880367689057;0,01630054;0,02953467;0,02476929
953,3501224940438;0,01565454;0,02890577;0,02372999
952,6119251854675;0,01513526;0,0284585;0,02276001
951,8734450623352;0,01446045;0,02736036;0,0217854
951,1346823438895;0,0138335;0,02678418;0,02091553
950,3956372494564;0,01313892;0,02572608;0,02004273
949,7795507918405;0,01231568;0,02435694;0,01914429
949,0399885780146;0,01191455;0,02332227;0,01863843
948,3001446100809;0,01168555;0,02247486;0,01835816
947,5600191076868;0,0114314;0,02147779;0,01813696
946,8196122905631;0,01141528;0,02064942;0,01835449
946,2023918750133;0,01137134;0,01964405;0,01875171
945,4614698851858;0,01158423;0,01885864;0,01923194
944,7202672036531;0,01191846;0,01868409;0,01998779
943,9787840504656;0,01237305;0,01845972;0,02075171
943,2370206457574;0,0128728;0,01844995;0,0215835
942,6186705530179;0,01376368;0,01896265;0,0228158
941,8763939258679;0,014625;0,01948535;0,02429126
941,1338376713617;0,01541284;0,02015528;0,02539844
940,3910020099518;0,01619019;0,02089429;0,02660743
939,6478871621737;0,01677002;0,02159229;0,02752198
938,9044933486456;0,01764234;0,02261304;0,02858936
938,284785564425;0,0185625;0,02403077;0,02982691
937,5408808869586;0,01918335;0,02507813;0,03084766
936,7966978692775;0,0198418;0,02627027;0,03176661
936,052236732317;0,02030835;0,02729737;0,0324524
935,3074976970953;0,02072803;0,02829786;0,03312427
934,6866697105269;0,02134742;0,02964966;0,03393433
933,941421769466;0,02183985;0,03084034;0,03446265
933,1958965568095;0,02206788;0,03166651;0,03498707
932,4500942938914;0,0224065;0,0325442;0,03554078
931,7040152021277;0,02249756;0,03301319;0,03566529
930,957659503017;0,02265088;0,0337334;0,03605201
930,335485283003;0,0228982;0,03434253;0,03639185
929,5886230459756;0,02306641;0,03480811;0,03677149
928,8414848296259;0,02310865;0,0352732;0,03722657
928,0940708557666;0,02325928;0,03556958;0,03758961
927,3463813462926;0,0234795;0,03582203;0,03825318
926,7230964366119;0,02397339;0,03626807;0,03920582
925,9749023550917;0,02425684;0,0365857;0,04015357
925,2264333671023;0,02474073;0,03702442;0,0411272
924,4776896948516;0,02529786;0,0374585;0,04234303
923,7286715606289;0,02595386;0,037865;0,04362671
923,1042802840868;0,0267461;0,03860059;0,04515162
922,3547595471882;0,02790186;0,0395481;0,04731666
921,6049649785801;0,02907569;0,04055567;0,04942482
920,8548968008643;0,03033765;0,04183668;0,0511753
920,1045552367234;0,03141211;0,04315601;0,05317774
919,3539405089211;0,03251417;0,04440845;0,05491285
918,7282197298362;0,03413355;0,04645484;0,05748048
917,9771047808243;0,03576587;0,04864479;0,05980421
917,2257172997561;0,03703785;0,05076344;0,06198048
916,4740575097053;0,03813697;0,05257569;0,06369752
915,7221256338273;0,03921656;0,05434791;0,06537526
915,0953080549732;0,04032203;0,05647413;0,06726709
914,3428779349304;0,04166358;0,05903346;0,06916139
913,5901763617721;0,0426565;0,06130714;0,07072169
912,8372035589625;0,04376441;0,06318044;0,07201198
912,0839597500468;0,0444502;0,06483009;0,07301855999999998
911,4560497187297;0,04503003;0,06646925;0,07373560999999998
910,7023096461493;0,0456167;0,06843996;0,07468115999999998
909,9482992012772;0,04612085;0,07030323;0,07522901999999998
909,1940186079667;0,04636011;0,07155421;0,07541895
908,4394680901506;0,04654688;0,07261328999999998;0,07553688
907,6846478718425;0,04643873;0,07345289;0,07534449999999998
907,0554251637136;0,04638721;0,07429687999999998;0,07512085999999998
906,3001110765822;0,04599049;0,07487257;0,07466432
905,5445279240981;0,04570972;0,07532618;0,07402417999999998
904,7886759305813;0,04535743;0,07548486999999998;0,07389136999999998
904,032555320432;0,04479102;0,07540529;0,07330396999999998
903,4022497806617;0,04451758;0,07516407;0,07301294999999998
902,6456372897667;0,04412354;0,0750027;0,07298707
901,8887568184708;0,04376368;0,07424757;0,07332497
901,13160859148;0,04386011;0,07373072;0,07414162
900,3741928335783;0,04398072;0,07340186999999998;0,07519019
899,742808833663;0,04443678;0,07293336;0,07673463
898,9849031865045;0,04527295;0,07287061999999998;0,07872999
898,2267306457566;0,04689454;0,07281886;0,08228517
897,4682914365077;0,04860402;0,07336695;0,08587330999999998
896,7095857839261;0,05072267;0,07436842;0,08947658
895,9506139132579;0,05291652;0,07579395999999998;0,0934441
895,3179341558896;0,05516382;0,07787159;0,096834
894,5584748040097;0,05845241;0,08085792999999998;0,101762
893,7987498726727;0,0620647;0,08533791;0,1071167
893,0387595874284;0,06481373;0,08901003;0,1109461
892,2785041739052;0,06716627;0,09279176;0,1146253
891,6447556302564;0,06931349;0,09651662;0,1177979
890,88401473449;0,07148219;0,1004507;0,121096
890,1230093501522;0,07422267;0,1058472;0,1252373
889,3617397031728;0,07631103999999998;0,1101077;0,1284634
888,60020601956;0,07800245;0,11372;0,1311748
887,9653930850069;0,08001197;0,1175298;0,1339321
887,203375921487;0,08119092999999998;0,1207669;0,1359158
886,441095362116;0,08283472999999998;0,1243797;0,1388811
885,678551633202;0,08482618;0,1284719;0,1418675
884,9157449611318;0,08585304;0,1313972;0,1440867
884,1526755723697;0,08688453999999998;0,1339448;0,1459429
883,5165838921433;0,08784279;0,1364273;0,1477874
882,7530334445506;0,08877443;0,1385769;0,149553
881,9892209223391;0,09009426;0,1414898;0,1518628
881,2251465522719;0,09119557;0,1436819;0,1535015
880,46081056119;0,09213894;0,145771;0,1551258
879,8236642162768;0,09319508000000001;0,1478921;0,1567361
879,0588491760816;0,09371998;0,1495591;0,1581402
878,2937731580092;0,0948025;0,1516228;0,1598064
877,5284363891976;0,0961233;0,1539509;0,1618345
876,762839096863;0,09695168;0,1555164;0,1630652
876,124642506204;0,09799148;0,1571138;0,1646147
875,3585681777963;0,09856325;0,1586978;0,1659859
874,5922339700625;0,0993174;0,1601826;0,1674278
873,8256401105149;0,1004988;0,1620681;0,1691133
873,0587868267421;0,1013274;0,1637234;0,1705247
872,2916743464104;0,102126;0,1649561;0,1721209
871,6522161130652;0,1026831;0,1665078;0,1732551
870,884629030596;0,1033902;0,167753;0,1744241
870,116783397039;0,1043057;0,1695015;0,1760638
869,3486794403545;0,1051839;0,1713394;0,1777005
868,5803173885794;0,1059463;0,1725274;0,1786763
867,939818687366;0,1065335;0,1737136;0,1797874
867,1709840537767;0,1072722;0,1747337;0,1808801
866,4018919716184;0,1081033;0,176305;0,1822114
865,6325426692221;0,1091321;0,1781355;0,1840359
864,8629363749941;0,109741;0,1797307;0,1856167
864,0930733174181;0,1107227;0,1812654;0,1867617
863,4513247956617;0,1117149;0,1824654;0,1881797
862,6809915989553;0,1122527;0,1836934;0,1896509
861,9104022866841;0,1133206;0,1852053;0,1912427
861,1395570876227;0,1145205;0,1869283;0,1933897
860,3684562306222;0,1155486;0,1885723;0,1951441
859,7256770540199;0,1164575;0,1900179;0,1966807
858,9541080854268;0,1173621;0,1915713;0,1981707
858,182284107718;0,1183792;0,1931023;0,19999
857,4102053500349;0,1196096;0,1947952;0,20216
856,637872041595;0,1207026;0,1966214;0,2040481
855,9940666681548;0,1217918;0,198473;0,2053396
855,2212672789061;0,1227722;0,1999558;0,2068765
854,4482139887599;0,1236687;0,201388;0,2083914
853,6749070272225;0,1248338;0,2035203;0,2103409
852,9013466238758;0,1260935;0,205854;0,2124339
852,1275330083774;0,1270176;0,2076248;0,214041
851,482495068584;0,1278321;0,2092122;0,2153084
850,7082178275265;0,1286485;0,2107459;0,2167391
849,9336880254202;0,1296741;0,2120623;0,2181748
849,1589058922103;0,1307522;0,2141614;0,2197928
848,3838716579164;0,1315669;0,2158292;0,2213748
847,7378173847876;0,1325015;0,2174327;0,2228167
846,962321562834;0,1331831;0,218771;0,2239458
846,1865742919256;0,1339463;0,2202088;0,225292
845,4105758023686;0,1349678;0,2220198;0,2271514
844,6343263245444;0,1359209;0,2238777;0,2288543
843,9872601988022;0,136897;0,2252229;0,2304859
843,2105511744189;0,1376817;0,2266827;0,2318726
842,4335918149185;0,1382395;0,2280157;0,233104
841,6563823509678;0,1390684;0,2293287;0,2343699
840,8789230133066;0,1402972;0,2313985;0,236179
840,1012140327501;0,1413086;0,2328484;0,2378724
839,4529326827583;0,1420283;0,2343255;0,2396101
838,6747666232828;0,1428335;0,2356932;0,2412464
837,8963515752893;0,1439207;0,2369852;0,2423711
837,1176877698758;0,1450899;0,2388116;0,2442002
836,3387754382147;0,1462598;0,241003;0,2464456
835,6894921488885;0,147083;0,2424939;0,2481263
834,9101247864239;0,148221;0,2439341;0,2497342
834,1305095531004;0,1491751;0,2456358;0,251261
833,3506466803725;0,1499817;0,2472696;0,2530889
832,5705363997686;0,1514502;0,2494803;0,2550777
831,9202556742247;0,1524959;0,2511163;0,25702
831,1396924140887;0,1537102;0,2530398;0,2584644
830,3588824024717;0,1548106;0,2549673;0,2600337
829,5778258711837;0,1557522;0,2565967;0,2614278
828,796523052107;0,1570916;0,2587808;0,2639471
828,0149741771976;0,1583357;0,2610918;0,2663821
827,3634956561845;0,1592515;0,2629871;0,2679717
826,5814962815974;0,1604397;0,2648587;0,269572
825,7992515087822;0,1612241;0,2662952;0,2710289
825,0167615699735;0,1623967;0,2679231;0,2730484
824,23402669748;0,1636336;0,2701985;0,275504
823,5815607025976;0,1648245;0,2722105;0,277533
822,7983773886125;0,165846;0,2743455;0,2790914
822,0149497995434;0,166751;0,2760574;0,2807471
821,2312781679774;0,1673306;0,2776241;0,2822268
820,4473627265733;0,1688599;0,2796568;0,2844476
819,793913783012;0,1703352;0,2820367;0,2865967
819,0095519614118;0,1714229;0,2839444;0,2884825
818,2249469895667;0,1724327;0,2856934;0,2901914
817,4400991004129;0,1733308;0,2872779;0,2918223
816,6550085269587;0,174512;0,289232;0,2936236
815,8696755022843;0,176062;0,291605;0,2959891
815,2150462774681;0,1770164;0,2938181;0,2980484
814,42926936449;0,1781326;0,2958529;0,2996521
813,6432506610764;0,1791746;0,2975826;0,3013387
812,8569904005832;0,1801822;0,299021;0,3032273
812,0704888164378;0,1816651;0,3017032;0,305293
811,4148866536498;0,1829033;0,304118;0,3077413
810,6279432493096;0,1840576;0,3058389;0,3097254
809,8407591830846;0,1849536;0,3078438;0,3117779
809,0533346886757;0,1861721;0,3093858;0,3135435
808,2656699998568;0,1875303;0,3114827;0,315668
807,609099446038;0,1887957;0,3143028;0,31784391666666667
806,8209950081975;0,190022;0,3163372;0,3206153
806,032651038691;0,1911658;0,3186075;0,3229549
805,2440677715646;0,192867;0,3204036;0,3249754
804,4552454409358;0,1939366;0,3223853;0,3270262
803,6661842809922;0,1955586;0,3250486;0,3293404
803,0084510443172;0,1972232;0,328188;0,3320306
802,2189526391045;0,1986924;0,3303191;0,3343973
801,4292160684951;0,200325;0,3327386;0,3364246
800,6392415669487;0,2014361;0,334408;0,3383489
799,849029368996;0,202448;0,3368792;0,3405347
799,1903377996417;0,2039949;0,3398824;0,3432693
798,3996904343044;0,2057041;0,342232;0,3454422
797,6088060374456;0,206877;0,3445891;0,3475608
796,8176848438655;0,207472;0,3467464;0,3494583
796,0263270884352;0,2083218;0,3487559;0,3514385
795,3666817547704;0,2097249;0,3513384;0,35361991666666664
794,5748909128586;0,2113445;0,3543152;0,3567222
793,7828641749443;0,2127247;0,3569102;0,3589332
792,9906017761673;0,2137945;0,3591516;0,3610184
792,1981039517367;0,2147881;0,3611124;0,3631263
791,4053709369321;0,2159727;0,3633142;0,3649993
790,7445806017388;0,2176653;0,3660128;0,3679554
789,951417015886;0,2191712;0,3685948;0,37024
789,1580189066631;0,2205686;0,371045;0,3721407
788,3643865096166;0,2214673;0,3729888;0,3742847
787,5705200603625;0,222337;0,3749375;0,3761524
786,9087860661368;0,2239576;0,3775001;0,3787117
786,1144911333472;0,2254537;0,3810387;0,3814808
785,3199628163064;0,2266841;0,3835333;0,3835074
784,5252013508969;0,2276182;0,3858553;0,386025
783,7302069730695;0,2286626;0,387598;0,3880006
782,9349799188453;0,2298999;0,3898133;0,3898409
782,2721131384022;0,231742;0,3927135;0,3927606
781,4764601240105;0,2332398;0,3958177;0,395275
780,6805751023214;0,2347649;0,3980326;0,3975924
779,88445830962;0,2360723;0,4005552;0,4000748
779,08810998226;0,2370047;0,4026614;0,4018064
778,4243096799389;0,2381236;0,4055789;0,4046849
777,6275374864629;0,2393389;0,4086536;0,4070904
776,8305344283706;0,2403692;0,4110284;0,4093126
776,0333007422786;0,2416299;0,413366;0,4111485
775,2358366648724;0,2422996;0,4154771;0,4130982
774,571107444473;0,2435093;0,4178241;0,4149652
773,7732215979422;0,2444646;0,4210047;0,4176182
772,9751060310767;0,2454617;0,4240426;0,4198426
772,1767609808239;0,2466954;0,425952;0,421527
771,3781866841992;0,2476614;0,4283311;0,4230658
770,5793833782857;0,2480018;0,430119;0,4246219
769,913539190131;0,2486968;0,4327733;0,4265638
769,1143166498388;0,2492615;0,4355521;0,4283553
768,3148657723629;0,2500562;0,4376666;0,4294261
767,515186795047;0,2508452;0,439786;0,4303035
766,7152799553028;0,2510945;0,4412498;0,4312894
766,0485170319323;0,2512415;0,4432017;0,4321568
765,2481930612366;0,2514886;0,4450316;0,4330694
764,447641901145;0,2516292;0,4471175;0,4339918
763,6468637893275;0,2517872;0,4489654;0,4346188
762,8458589635218;0,2517164;0,4503104;0,4350272
762,1781819292829;0,2509627;0,451096;0,4352662
761,3767620788465;0,2510723;0,4525248;0,435699
760,5751161883769;0,250231;0,4543382;0,4350342
759,7732444958699;0,2497041;0,4553907;0,4343739
758,9711472393875;0,2491765;0,456077;0,4336558
758,168824657059;0,2484334;0,4564651;0,4326512
757,5000505530531;0,2475594;0,4568175;0,4313961
756,6973154920366;0,2464344;0,4571073;0,4295284
755,8943557802367;0,2448514;0,4569032;0,4273921
755,0911716560386;0,2435511;0,4568761;0,4252317
754,2877633578945;0,2416453;0,4559044;0,4228333
753,618085370865;0,2403491;0,4547738;0,4202117
752,8142667066863;0,2382842;0,4543827;0,4168975
752,0102245445365;0,235304;0,4529381;0,4122455
751,2059591231218;0,2327527;0,4515489;0,4087496
750,4014706812161;0,2303257;0,4496724;0,4052357
749,7308934557277;0,2279666;0,447097;0,4010816
748,9259967632865;0,225326;0,4450458;0,3968924
748,1208777272368;0,2212796;0,4410692;0,3906676
747,3155365866047;0,2173792;0,4374442;0,3853617
746,5099735804823;0,2141358;0,4341754;0,3801903
745,7041889480279;0,2111275;0,430452;0,3747046
745,0325326290099;0,2075735;0,4263688;0,369428
744,2263423029791;0,2033201;0,4218255;0,3630682
743,419931028588;0,1977711;0,4150616;0,3539434
742,6132990452473;0,1938885;0,4101382;0,3477935
741,806446592432;0,1896521;0,4052003;0,3451656
741,1339013070526;0,1850945;0,399735;0,3452398
740,3266452823894;0,1816497;0,3943682;0,3476495
739,5191694671211;0,1795371;0,3864539;0,3512068
738,7114741009735;0,179667;0,3789747;0,3545581
737,9035594237386;0,180564;0,3726251;0,3566094
737,2301298364484;0,1807486;0,3681214;0,35804356666666665
736,4218137118927;0,1808599;0,3668623;0,3601805
735,6132789560113;0,1809797;0,3693057;0,3622452
734,8045258088443;0,1808789;0,3739175;0,3643104
733,9955545104971;0,1807674;0,3771717;0,366295
733,1863653011396;0,181105;0,3800072;0,3678765
732,5118746735249;0,1807232;0,3824059;0,3692395
731,7022865846386;0,1806541;0,3845638;0,3704781
730,8924812655754;0,180627;0,3876524;0,371816
730,0824589567525;0,1802805;0,3903441;0,3733687
729,2722198986519;0,1796126;0,3922684;0,3746426
728,5968552847442;0,1787664;0,3940316;0,3756226
727,7862194777673;0,1785291;0,3956795;0,3764281
726,9753676032282;0,1779627;0,3977186;0,3780303
726,1642999018551;0,1771641;0,3998248;0,3789412
725,3530166144404;0,1761438;0,4014786;0,3799056
724,6767826982439;0,1755169;0,4028465;0,38076193333333336
723,8651047953571;0,1746802;0,4040274;0,3819354
723,0532119890212;0,1738711;0,4051675;0,3824444
722,2411045202737;0,1729392;0,4074412;0,3835147
721,4287826302159;0,1717434;0,4090372;0,3844039
720,6162465600124;0,1710005;0,4102068;0,3853963
719,9389697323753;0,1701704;0,4111641;0,3862735
719,126041625141;0,1690801;0,4122579;0,3867569
718,3129000214066;0,1679793;0,4138102;0,3873885
717,49954516258;0,1665291;0,4154815;0,3883353
716,6859772901327;0,1656023;0,416712;0,3887738
716,0078415186084;0,1651521;0,4176429;0,3893787
715,1938837485548;0,1637503;0,4185108;0,389785
714,3797136493927;0,1624341;0,4198736;0,3900736
713,5653314628358;0,1609307;0,4211729;0,3908924
712,7507374306605;0,1593807;0,4221915;0,3913709
712,0717474184734;0,1582102;0,42306225000000003;0,39171906666666667
711,2567656308199;0,1572114;0,424317;0,3915787
710,4415726829229;0,155656;0,4250303;0,3917652
709,6261688167991;0,153877;0,42591;0,3924146
708,8105542745284;0,1518508;0,4273519;0,392765
707,9947292982532;0,1501729;0,428191;0,3929683
707,3147145778961;0,148596;0,428732;0,3929734
706,4985044350508;0,1468867;0,4295619;0,392899
705,6820845446096;0,145189;0,4302474;0,393087
704,8654551489544;0,1428797;0,4310941;0,3932979
704,0486164905285;0,1410596;0,4319993;0,393681
703,3677579299558;0,1391145;0,4327494;0,3934474
702,5505362530031;0,137238;0,433433;0,3937518
701,7331060005407;0,1356565;0,4338326;0,3940557
700,91546741525;0,1337739;0,4345145;0,3947681
700,097620739874;0,1302356;0,4357666;0,3949681
699,2795662172175;0,1278125;0,4368931;0,3952125
698,5976955179906;0,1259282;0,4378065;0,3955006
697,7792605728105;0,1232671;0,4385248;0,3954669
696,9606184686324;0,1212205;0,4390538;0,3957137
696,1417694484977;0,1191902;0,4400736;0,3955113
695,322713755509;0,1172236;0,4405755;0,395431
694,6400096450169;0,115791;0,4409627;0,3955765
693,8205756833905;0,114282;0,4415403;0,3954827
693,0009357380338;0,1129446;0,4418738;0,3950435
692,1810900522838;0,1113679;0,4426631;0,394908
691,3610388695394;0,1087044;0,4437813;0,3944852
690,6775060826901;0,1066882;0,4446258;0,3943521
689,857078787818;0,1053697;0,4447686;0,3944268
689,036446685911;0,1034961;0,4447926;0,3939693
688,2156100206017;0,1019378;0,4452308;0,3938851
687,3945690355823;0,09973927;0,4457462;0,3931021
686,5733239746066;0,09769314;0,4467274;0,3930509
685,8887973750022;0,09613332;0,4470245;0,3928651
685,0671788080554;0,09445436;0,4476217;0,3925892
684,2453568561152;0,09290577;0,4479376;0,3920931
683,423331763167;0,09102687;0,4483599;0,3919449
682,6011037732562;0,0888318;0,4485514;0,3914161
681,9157589670369;0,08710084;0,4489124;0,3913441
681,0931596334017;0,08573047999999998;0,4495606;0,3912125
680,2703580945929;0,08385914999999998;0,4499886;0,3904945
679,4473545948869;0,08241041;0,4503863;0,3903419
678,6241493786192;0,08040284;0,4506766;0,3894959
677,9379911190074;0,07849902999999998;0,4506558;0,3888848
677,1144167238376;0,07701442;0,4509803;0,3880824
676,2906413047164;0,07541554;0,451438;0,387585
675,4666651062092;0,07411329999999998;0,4515243;0,3873616
674,6424883729409;0,07268555;0,4515736;0,3867415
673,8181113495955;0,07046876;0,4518079;0,385773
673,130977674012;0,06911964;0,4518778;0,3853712
672,3062340878892;0,06799122;0,4518487;0,3845872
671,481290905284;0,06641407;0,4516815;0,383597
670,6561483711085;0,06499708;0,4518016;0,3831182
669,8308067303337;0,063344;0,4516895;0,3824776
669,1428701111448;0,06157716;0,4518297;0,3815721
668,3171640780449;0,06035866;0,4518131;0,3811705
667,4912596327515;0,0589839;0,4517513;0,3805457
666,6651570204613;0,05785792;0,451379;0,3800828
665,8388564864301;0,05655543;0,4514757;0,3792896
665,1501216948334;0,05488697;0,451556;0,3785234333333333
664,3234589414574;0,05373512;0,4512816;0,3773343
663,4965989615517;0,05276246;0,4512286;0,3772017
662,6695420005974;0,05132203;0,4512376;0,3761109
661,8422883041336;0,05046778;0,4514786;0,3754813
661,0148381177584;0,04908741;0,4520208;0,3741797
660,3251463765458;0,04774854;0,4518621;0,3739539
659,4973365967318;0,04668018;0,451017;0,3730267
658,669331023183;0,04575611;0,4508944;0,3729004
657,8411299017206;0,04483106;0,4511073;0,3717522
657,0127334782239;0,04383765;0,4514044;0,3710108
656,3222541136854;0,04265235;0,4512699;0,3698062
655,4935002752537;0,04172559;0,4510689;0,3688399
654,6645518317596;0,04112867;0,4510799;0,3680706
653,8354090293036;0,0399712;0,4507025;0,3673226
653,0060721140449;0,03918287;0,4505187;0,3664825
652,3148099150136;0,03814014;0,4502039;0,36559274999999997
651,4851177658027;0,03719385;0,449734;0,3647139
650,6552322015509;0,03650318;0,4494647;0,3637654
649,8251534686378;0,03583595;0,4491541;0,3630264
648,9948818134993;0,03494898;0,4489915;0,362314
648,1644174826298;0,03442359;0,44872;0,3612283
647,472216868594;0,03345899;0,4484596;0,3602449
646,6413999392722;0,03281739;0,4480743;0,3591045
645,8103910329289;0,03232447;0,447901;0,3586443
644,9791903962763;0,03162232;0,4475333;0,3576873
644,1477982760839;0,03113477;0,4471107;0,3564473
643,4548254151799;0,03044385;0,4464015;0,355501
642,6230828829355;0,02966993;0,4459032;0,3543379
641,7911495666402;0,02907618;0,4458382;0,3534507
640,9590257132816;0,02853296;0,4455528;0,3525203
640,1267115699028;0,02805225;0,4449564;0,3516385
639,4329712682575;0,02763746;0,4441698;0,35102058333333336
638,6003089016567;0,02694971;0,4436439;0,3493951
637,7674569452997;0,02640089;0,4428775;0,3483909
636,9344156464462;0,02619288;0,4429615;0,3477618
636,1011852524119;0,0256814;0,4417027;0,3467134
635,2677660105694;0,02534571;0,4410721;0,346015
634,5731058954638;0,02478126;0,4406976;0,3447015
633,7393410753058;0,02422315;0,4403922;0,3432579
632,9053881085315;0,02390943;0,4397537;0,3423496
632,0712472427277;0,02359864;0,4389896;0,3416658
631,2369187255367;0,02331177;0,4383263;0,3406902
630,5415017951017;0,02300293;0,4376358;0,3398028
629,706829893735;0,0226521;0,4369412;0,3384273
628,8719710429372;0,02214283;0,4361112;0,3374766
628,0369254905637;0,02200708;0,4355806;0,3364798
627,2016934845261;0,0216045;0,4344244;0,3355044
626,5055245618393;0,02134351;0,43395589999999995;0,33466681666666664
625,669951368147;0,02089356;0,4327823;0,3331636
624,8341924235058;0,02048291;0,4316014;0,3317246
623,9982479760375;0,02034107;0,4307401;0,3307288
623,1621182739209;0,02001929;0,4304586;0,3301272
622,3258035653886;0,01958862;0,429358;0,328938
621,6287334963922;0,01936182;0,4287223;0,3278726
620,7920802543294;0,01905933;0,427263;0,3262398
619,9552427094758;0,01875244;0,4265091;0,3250681
619,1182211102741;0,01860498;0,4260037;0,323918
618,2810157052223;0,01812281;0,4250838;0,3223594
617,5832043064157;0,01783985;0,4239479;0,3210855
616,7456625695567;0,01745533;0,4228797;0,3194644
615,9079377312204;0,01688989;0,4216729;0,3175288
615,0700300401135;0,01672168;0,420587;0,3158536
614,2319397449966;0,01640332;0,4197313;0,3143743
613,3936670946847;0,01594922;0,4184581;0,312938
612,6949674331961;0,01569556;0,4172245;0,3115125
611,8563611114344;0,01524854;0,416042;0,3092798
611,0175731397471;0,01483032;0,4151036;0,3076749
610,1786037671566;0,01454224;0,4144154;0,3063157
609,339453242739;0,01398877;0,4128092;0,3045428
608,6400229389227;0,01367896;0,4115106;0,3034541
607,8005409499059;0,01332471;0,4101917;0,3015704
606,9608785150689;0,0128728;0,4086759;0,2996419
606,1210358836935;0,01254151;0,4072694;0,2981925
605,2810133051149;0,01223438;0,4063387;0,2965987
604,5808572098838;0,01192237;0,4056983;0,2954163
603,7405053758555;0,01158496;0,4046705;0,293886
602,899974301364;0,01119483;0,4032999;0,2919368
602,0592642359485;0,01082935;0,4022418;0,2900914
601,2183754292018;0,01053174;0,4014259;0,288709
600,3773081307701;0,01014038;0,3999515;0,2863553
599,6762825477391;0,009854006;0,3997293;0,2845772
598,8348886631126;0,009585451;0,3984876;0,2819312
597,9933169944179;0,009172609000000002;0,3971051;0,2793289
597,1515677915042;0,008838869;0,3960931;0,2771971
596,3096413042725;0,008601076;0,3944471;0,2748042
595,6079006530531;0,008288818999999998;0,3935189;0,2720325
594,7656497937953;0,008017823999999998;0,3926273;0,2687
593,9232223585586;0,007468751;0,391014;0,2641382
593,0806185974458;0,007045412;0,389347;0,2604642
592,2378387606117;0,006962892;0,3882918;0,2571995
591,53538790814;0,006374269;0,3868475;0,2532531666666667
590,6922859156982;0,006075196;0,3858092;0,2479414
589,8490085565915;0,005678711;0,3837599;0,2415142
589,0055560811742;0,00527002;0,3819141;0,2340823
588,1619287398536;0,005111817;0,3807203;0,2272432
587,3181267830885;0,00493921;0,3798328;0,2204212
586,6148252797159;0,004749269;0,3782999;0,2134175
585,7707038453054;0,004683106;0,3768214;0,2047808
584,9264085053649;0,004519532;0,3746079;0,193462
584,0819395105519;0,00450708;0,3732779;0,184395
583,237297111575;0,004603028;0,3723001;0,1767412
582,5332961651565;0,004460206;0,370637;0,1671221
581,6883365098628;0,004402833;0,3694549;0,1592134
580,843204161026;0,004466065;0,3674317;0,14874
579,9978993695515;0,004377687;0,3656453;0,1386963
579,1524223863968;0,004460694;0,3644583;0,1311773
578,4477268795443;0,004488282;0,3630396;0,12578604999999998
577,6019348636019;0,004367188;0,3613538;0,1185674
576,7559713673006;0,004448243;0,3599788;0,1126685
575,9098366417928;0,004490235;0,3577227;0,1059954
575,063530938282;0,004551759;0,356045;0,1014295
574,2170545080221;0,004583253;0,3545027;0,09831667
573,5115272478411;0,004403321;0,352626;0,09515358
572,6647384712717;0,004410401;0,3511927;0,09287331
571,8177796801147;0,004447511;0,3489449;0,09066652
570,9706511258175;0,004333985;0,3469366;0,089063
570,123353059879;0,004280762;0,3448775;0,0881836
569,4171420316825;0,004419922;0,3431873;0,08782545
568,569533847765;0,00431006;0,3415543;0,08735498999999998
567,7217568650576;0,00445459;0,3394146;0,08665771999999998
566,8738113352512;0,004442871;0,3371456;0,08602906
566,0256975100863;0,004407715;0,3354227;0,08536011999999998
565,3188076118145;0,004585694;0,3339603;0,08478556999999998
564,4703858991521;0,004352784;0,33216;0,08343483
563,6217966046684;0,004320313;0,330261;0,08209547
562,773039980295;0,004362306;0,3281517;0,07974025
561,9241162780139;0,004402345;0,3254349;0,07671901
561,0750257498563;0,004422608;0,3235852;0,07384986
560,3673230551536;0,004477295;0,322158;0,07059621
559,5179273343011;0,004353516;0,3203133;0,06727004
558,6683655019292;0,004338379;0,3183272;0,06334937
557,8186378102588;0,004240479;0,3156666;0,05789576
556,9687445115595;0,004207032;0,3137564;0,05371949
556,2603737726422;0,004439454;0,3124817;0,05050782
555,4101775164215;0,004360108;0,3102908;0,04678419
554,5598163682037;0,004285401;0,3085518;0,04375684
553,7092905804467;0,004388428;0,306346;0,04030567
552,8586004056577;0,004337892;0,3035367;0,03733131
552,1495665354447;0,004320558;0,30246778333333335;0,03565365166666667
551,2985756404083;0,00437256;0,3007078;0,03382593
550,447421074041;0,004333497;0,2989979;0,03265235
549,596103089036;0,004370118;0,2969617;0,03188648
548,7446219381355;0,00434546;0,2943716;0,03125318
547,8929778741299;0,004415772;0,2924722;0,03105787
547,1831502223572;0,004539308;0,2913355;0,03129859
546,3312081410393;0,004458253;0,2891822;0,03144361
545,4791038631187;0,004397706;0,2874988;0,03198585
544,6268376415708;0,00438672;0,2853189;0,03291822
543,7744097294192;0,004321534;0,2827698;0,03388843
543,063929804881;0,004370362;0,2809527;0,03488648
542,2112061172735;0,004420167;0,2792002;0,03551636
541,3583214562232;0,004361817;0,2772752;0,03618604
540,5052760749368;0,004474122;0,2754788;0,03674244
539,6520702266696;0,004457032;0,2724749;0,03712867
538,9409429569137;0,004368897;0,2707433166666667;0,037054203333333334
538,0874435770986;0,004525879;0,2686917;0,0368396
537,2337844481165;0,004411622;0,2666336;0,0359441
536,3799658234047;0,004381104;0,2646509;0,03509742
535,5259879564476;0,004440186;0,2625774;0,03352003
534,671851100777;0,004441407;0,2599522;0,03184791
533,9599491209497;0,00436255;0,2578592;0,03034253
533,1055214446056;0,004419679;0,2559219;0,0290398
532,250935498144;0,004317872;0,2540328;0,02780469
531,3961915352772;0,004403077;0,2526612;0,02674292
530,5412898097646;0,004309815;0,2499341;0,02548511
529,8287513751452;0,004291505;0,2481873;0,02485425
528,9735610773391;0,004403321;0,2466651;0,02455542
528,1182137361254;0,004321778;0,2445159;0,0242837
527,2627096054424;0,004307618;0,2427058;0,02434937
526,4070489392751;0,004329834;0,240501;0,02496046
525,551231991655;0,004136719;0,2381595;0,0254646
524,8379320036088;0,004330811;0,2364925;0,02637476
523,9818291999212;0,004437745;0,2347251;0,0273252
523,1255708347876;0,004381836;0,2326521;0,02812696
522,2691571624171;0,004434571;0,2304966;0,02959815
521,4125884370644;0,004392091;0,2276587;0,03122217
520,6986629061512;0,004392823;0,22549;0,03250464
519,8418105775071;0,004389894;0,2240823;0,03349927
518,9848039165196;0,004154786;0,2219995;0,03431642
518,1276431776196;0,00416504;0,2201758;0,0350271
517,2703286152838;0,004231934;0,2181385;0,03560181
516,5557824929475;0,004240235;0,2154747;0,03573194
515,6981865820633;0,00424878;0,2135955;0,03549585
514,8404375690081;0,00432251;0,2116971;0,03527296
513,9825357084337;0,004125;0,2098382;0,03481519
513,1244812550366;0,004203126;0,2078162;0,0342212
512,2662744635586;0,004241212;0,204941;0,03352296
511,5509859517747;0,004276612;0,2029251;0,0329148
510,69250053558727;0,004347413;0,2011602;0,03272364
509,8338635033334;0,004268555;0,1993467;0,03243482
508,9750751099283;0,004302491;0,1977232;0,03251807
508,11613561033175;0,004206299;0,1955279;0,03293164
507,40023744963264;0,004268312;0,193191;0,03348829
506,54102158435495;0,004262696;0,191523;0,03431642
505,6816553355157;0,004358887;0,1897771;0,03531592
504,8221389582462;0,004331788;0,1877742;0,03640503
503,96247270772284;0,004325929;0,1859478;0,03792212
503,24596986323417;0,004361817;0,1833924;0,03963599499999999
502,38602950797457;0,004293946;0,1814488;0,04148707
501,5259400027013;0,004395997;0,17968;0,04296314
500,66570160276035;0,004272706;0,1775855;0,04432325
499,80531456354197;0,004303467;0,176085;0,04533741
498,9447791404808;0,004357911;0,1735608;0,04643189
498,22755312347516;0,004292725;0,1708501;0,047136
497,3667463269352;0,004315186;0,1690271;0,04747633
496,5057918705229;0,004370362;0,1675843;0,04762477
495,64469000984076;0,004374757;0,1657862;0,04752564
494,78344100053584;0,004410157;0,1642903;0,04750196
494,0656212720504;0,004346192;0,1618289;0,04733277
493,2041031543864;0,004333741;0,16001;0,04713331
492,34243861266907;0,004387208;0,1586446;0,04716554
491,4806279027121;0,004346437;0,1566624;0,04718409
490,6186712803726;0,004313722;0,1551895;0,04735572
489,90026281886026;0,004413575;0,1529961;0,04801978666666666
489,03803935514793;0,004278077;0,1506348;0,0489524
488,1756707042169;0,004370362;0,1489405;0,04982447
487,31315712208993;0,00442212;0,1474312;0,05079078
486,4504988648328;0,004284181;0,1459077;0,05160694
485,5876961885545;0,004375733;0,1441609;0,05278932
484,86858382303654;0,0043396;0,1417617;0,05433253
484,00551704386635;0,004272461;0,1400301;0,05516432
483,14230657154917;0,004412842;0,1386446;0,0560464
482,27895266235794;0,00434131;0,1367085;0,05676563
481,4154555726075;0,004321778;0,1355572;0,05714674
480,69576547539236;0,004397218;0,1337144;0,0575359
479,8320065537997;0,004248047;0,131617;0,05769288
478,9681051781055;0,004265137;0,1297988;0,05761354
478,1040616047877;0,004371827;0,128272;0,05761867
477,23987609036624;0,004274903;0,1267696;0,05740797
476,5196132528789;0,004280762;0,1255076;0,05728122
475,65516817948054;0,004285889;0,1234397;0,05707398
474,79058189201413;0,004239258;0,1217737;0,05689771
473,92585464716086;0,004324464;0,1200528;0,05682936
473,06098670164386;0,004206056;0,1185203;0,05694068
472,19597831222796;0,004282471;0,1170559;0,05707325
471,47503088945285;0,004304688;0,1154573;0,05735939
470,6097656865693;0,004197267;0,1134429;0,05762721
469,7443607675133;0,004259034;0,1118279;0,05791285
468,87881638920936;0,004351563;0,1106514;0,05815089
468,0131328086228;0,004256348;0,1091846;0,05805861
467,29162367514056;0,004303224;0,1079592;0,05830445
466,42568555790353;0,004358399;0,1060769;0,05843849
465,5596089666776;0,00433667;0,1045989;0,05822559
464,69339415858644;0,004448731;0,1033147;0,05804347
463,82704139079476;0,004449463;0,1019356;0,05773683
463,104975550646;0,004449952;0,10101618333333333;0,05737468833333333
462,2383705247861;0,004507813;0,09930544;0,05715846
461,3716282680815;0,004504884;0,09761428;0,05643214
460,50474903785295;0,004602784;0,09633425;0,05604493
459,63773309146245;0,004671876;0,09511257;0,05566871
458,7705806863127;0,004600831;0,0938467;0,05532838
458,04784962842257;0,004678467;0,09264674;0,05479884
457,1804477175468;0,004779053;0,09077785;0,05444019
456,3129100774388;0,004769288;0,08956372999999998;0,05393897
455,4452369656557;0,004845459;0,08862599;0,05354859
454,5774286397953;0,004833253;0,08725392;0,05304981
453,85415193225225;0,004855714;0,08622169;0,05281861
452,9860963830883;0,005015869;0,08492334999999998;0,05243214
452,1179063499249;0,005049317;0,08339478999999998;0,05154127
451,24958209051294;0,005089845;0,08228760999999998;0,05116627
450,3811238626436;0,005164063;0,08118385;0,05079494
449,6573065217472;0,005213624;0,08016008333333334;0,050270231666666665
448,7886033547115;0,00526587;0,07884594999999998;0,04966505
447,91976694984163;0,005427003;0,07733107;0,04890699
447,05079756508076;0,005463868;0,07614112;0,04807301
446,18169545841135;0,005552979;0,07516088999999998;0,04767799
445,3124608878553;0,005453858;0,07390797;0,04686378
444,58799774421124;0,005362306;0,07296461;0,04618751
443,7185209934668;0,005550783;0,07179029;0,04568531
442,8489125101111;0,005530763;0,07035744;0,04473707
441,97917255231636;0,005735841;0,06927833;0,04411475
441,1093013782936;0,005725343;0,06835084;0,04365333
440,38430868496977;0,005727296;0,06734815;0,04301246
439,5141976186239;0,005843995;0,06632643;0,04230005
438,6439560678599;0,005942872;0,0648611;0,04146046
437,77358429103816;0,005936525;0,06365114;0,04090479
436,90308254655736;0,005982667;0,0628899;0,04044434
436,0324510928549;0,005931886;0,06174757;0,03971143
435,30682598447964;0,005930421;0,06091554;0,0391958
434,43595740188465;0,006098146;0,05983131;0,03863453
433,5649598425164;0,005966554;0,05833839;0,0376421
432,6938335649594;0,00601465;0,0574546;0,0369585
431,82257882783637;0,006010743;0,0567754;0,03637598
431,096435271342;0,006020021;0,05579395;0,03576441
430,22494569684227;0,006094728;0,05498243;0,03530298
429,35332839574806;0,00607544;0,05381813;0,03447852
428,4815836268282;0,006054444;0,05291993;0,03377345
427,6097116488887;0,006104981;0,05210181;0,03335499
426,88305468045843;0,006021242;0,05102296;0,03272795666666667
426,0109501582867;0,006031983;0,05025709;0,03209009
425,1387191605855;0,006050539;0,04936622;0,03164356
424,2663619463053;0,005862794;0,04810694;0,03080176
423,3938787744348;0,005769532;0,04727809;0,03011695
422,5212699039994;0,00582251;0,04663868;0,0297273
421,7940000124663;0,00575879;0,04584986;0,02916822
420,92116136753305;0,005731935;0,04508375;0,02862842
420,0481977581434;0,005760499;0,04402344;0,02784058
419,1751094434657;0,005659669;0,04322827;0,0271045
418,3018966827053;0,005686036;0,04241724;0,02661817
417,57412450612117;0,005479249;0,04147461;0,02596729
416,70068426754545;0,005447266;0,04103785;0,02544678
415,82712031750236;0,005535157;0,04041749;0,02496729
414,9534329153385;0,005308838;0,03924048;0,0241001
414,0796223204373;0,005219727;0,03848463;0,02365137
413,35135290628017;0,005220216;0,03790137;0,023381595
412,47731713182367;0,005112305;0,03726587;0,0228208
411,6031588997472;0,00501294;0,03645582;0,02229566
410,72887846957343;0,004966065;0,03558643;0,02175488
409,8544761008616;0,004967774;0,03477979;0,02105762
408,9799520532074;0,005021241;0,03425489;0,02065747
408,25108925161345;0,004834229;0,03341456;0,02014209
407,3763428002448;0,004848389;0,03294312;0,01969361
406,50147540565007;0,004882569;0,03228956;0,01921802
405,6264873275624;0,00468335;0,03136524;0,01839746
404,75137882575166;0,00460376;0,03056177;0,01786402
404,02202993800057;0,00457837;0,0299751;0,01753955
403,14670133416087;0,004489991;0,02926929;0,01707813
402,27125304280486;0,004526368;0,02857837;0,01660132
401,3956853238387;0,004563722;0,02776832;0,0160127
400,5199984372033;0,004411866;0,02716919;0,01551636
399,7901685217084;0,004424805;0,02659644;0,015195718333333334
398,9142638362564;0,004363282;0,02594996;0,01456885
398,03824071982797;0,004413331;0,02544434;0,01409937
397,16209943249976;0,004485597;0,0248379;0,01379737
396,28584023438356;0,004323487;0,02387574;0,01319116
395,4094633856261;0,004355469;0,02321289;0,01278198
394,6790596606842;0,004404541;0,02263135;0,01239209
393,8024677948589;0,004328858;0,0219563;0,01197876
392,92575901566386;0,004457276;0,02149414;0,01156543
392,04893358337955;0,004425049;0,02072705;0,01113721
391,1719917583205;0,00431543;0,02008765;0,01085156
390,4411181807856;0,004389161;0,01974072;0,01055762
389,5639636451833;0,004294679;0,01908472;0,01013941
388,6866934545523;0,00427295;0,01866919;0,009911866
387,8093078693398;0,004408936;0,01816162;0,009673829
386,9318071500266;0,00435962;0,01734131;0,009158205
386,20046878888667;0,004308595;0,01678931;0,008903281666666667
385,32275766702975;0,004414795;0,01642407;0,008632812999999998
384,4449321492874;0,004394776;0,01591187;0,00838086
383,5669924962714;0,00438794;0,01558057;0,008243409999999998
382,68893896862744;0,004392579;0,01505933;0,007938966
381,8107718270346;0,004302491;0,01457251;0,007651123999999999
381,0788792753649;0,0043938;0,01432935;0,007614747
380,2005045186873;0,004459962;0,01387915;0,007468751
379,32201688683546;0,00443335;0,01353687;0,00732837
378,4434166406179;0,004528321;0,01340088;0,007193849
377,5647040408764;0,004358155;0,01285083;0,006923829
376,8323579036905;0,004396973;0,01256079;0,00673462
375,95344000006264;0,004397461;0,01226587;0,006781251
375,0744104821433;0,0043313;0,01203223;0,006531496
374,1952696109014;0,004342774;0,01176538;0,006347901
373,31601764733927;0,004337892;0,01161231;0,006137208
372,5832230038382;0,004402589;0,01128516;0,0058983571666666665
371,7037680490125;0,004484132;0,01097266;0,005682862
370,82420274155186;0,004398682;0,01047193;0,005385743
369,9445273425844;0,004292969;0,01017578;0,005204103
369,064742113271;0,004472657;0,009751954;0,005219483
368,18484731480527;0,004270753;0,008690431999999998;0,005020265
367,45151813921984;0,00428003;0,007991944;0,005059083
366,5714231424602;0,004385255;0,007362793999999998;0,005209961
365,691219316773;0,004353516;0,007124269;0,005168457
364,8109069234759;0,00439502;0,00694629;0,005213868
363,9304862239191;0,004441651;0,006801027;0,005253907
363,1967197622465;0,004395997;0,006645265;0,005177735
362,3161011801042;0,00451709;0,006908937;0,005181153
361,4353750323681;0,004457032;0,006927735;0,005041504
360,5545415805111;0,004447267;0,006895509;0,005020265
359,67360108603805;0,004499512;0,006849611;0,005005616
358,9394024273302;0,004424317;0,006641277666666666;0,004787313499999999
358,05826636735236;0,004387696;0,006519532;0,004837159
357,17702400586063;0,004393311;0,006462403;0,004821534
356,2956756044815;0,004450196;0,006107912;0,004710694
355,4142214248723;0,004423097;0,005889162;0,004709229
354,5326617287222;0,004506837;0,00569336;0,004735108
353,79794823450123;0,004428956;0,005418214;0,004681885
352,9161957711277;0,004494385;0,005437989;0,004813478
352,03433853283525;0,004369386;0,005304688;0,004706544
351,1523767814327;0,004418213;0,005335694;0,004714112
350,27031077875944;0,004484132;0,005464601;0,004762696
349,53517632907034;0,004334962;0,005547608;0,004684367666666667
348,6529198792265;0,004334229;0,005475099;0,004611817
347,77055992015886;0,00448169;0,005515382;0,00476294
346,8880967138257;0,004383301;0,005490968;0,004728761
346,00553052221557;0,004510499;0,005478272;0,004671387
345,1228616073473;0,004493165;0,005452638;0,004661622
344,3872258981901;0,004483399;0,005253907;0,004743653
343,50436933797226;0,004621338;0,005392335;0,004824708
342,62141079704935;0,004464844;0,005302247;0,004581788
341,7383505375571;0,004495606;0,005336182;0,004521729
340,85518882166133;0,00457837;0,005490968;0,004681397
340,11914341282267;0,004459962;0,005260255;0,00456836
339,2357963745233;0,004419435;0,005312257;0,00457251
338,35234862278696;0,00451709;0,00545044;0,004688233
337,46880041989436;0,004438722;0,005277833;0,004573487
336,58515202815636;0,004412354;0,0052688;0,004717774
335,84870202449366;0,004481935;0,005326905;0,004757244000000001
334,9648706345834;0,004291261;0,005282471;0,004788331
334,0809397992026;0,004429932;0,005224122;0,004774659
333,19690978077546;0,004384278;0,005158204;0,004691651
332,31278084175585;0,004422364;0,005189454;0,004639649
331,428553244627;0,004564698;0,005181641;0,004683839
330,6916217392412;0,00437256;0,005090821;0,004671387
329,8072139507358;0,004329102;0,005121095;0,004614014
328,92270824798163;0,004434815;0,005177247;0,004672364
328,038104893574;0,004464112;0,00504712;0,004563478
327,15340415013657;0,004500978;0,005183106;0,004524903
326,41607932569815;0,004558351;0,005122804;0,004598878
325,5312007178952;0,00444336;0,005096192;0,004526856
324,6462254653206;0,004454103;0,005162842;0,004666016
323,76115383070885;0,0043396;0,005023438;0,004582765
322,8759860768225;0,004357666;0,005055665;0,004646729
322,13827304706206;0,004388184;0,005029786;0,004738078166666666
321,2529297570547;0,00431421;0,004973389;0,004518311
320,3674910924227;0,004211426;0,004954103;0,004616212
319,4819573160382;0,004254395;0,00503418;0,004690431
318,5963286908014;0,004229248;0,004972901;0,004575685
317,7106054796403;0,004273683;0,005042237;0,004638185
316,97243074024544;0,004373047;0,00508252;0,004774415
316,0865348045336;0,004237549;0,005004883;0,004698976
315,2005450280132;0,004333009;0,005064698;0,004798584
314,31446167372013;0,004314942;0,004998536;0,004694337
313,42828500471796;0,004293457;0,005022217;0,004580567
312,68973335495264;0,004306886;0,00511377;0,004707032
311,8033862923089;0,004281739;0,004950929;0,004655274
310,9169466604523;0,004377687;0,004968751;0,004613038
310,0304147225516;0,004482178;0,00504541;0,004690918
309,1437907418034;0,004311524;0,004854737;0,004677491
308,40486730390717;0,004406495;0,004976563;0,004711874333333334
307,5180752616092;0,004497804;0,005063233;0,004732911
306,6311919223354;0,004414308;0,004978028;0,004635987
305,74421754938675;0,004440186;0,005044679;0,004763672
304,85715240609085;0,00437256;0,005021729;0,004798341
303,9699967558026;0,004343018;0,004904298;0,004672852
303,2306314332928;0,004531983;0,005065918;0,004748048
302,3433105375986;0,004553956;0,004941651;0,004600831
301,4558998812298;0,004429444;0,004879395;0,004678711
300,5683997276436;0,00444629;0,00494336;0,004766602
299,6808103403244;0,004345704;0,004860353;0,004656494
298,94108454300965;0,004310303;0,004920899;0,004606934
298,05333224492676;0,004315919;0,005004151;0,004651368
297,1654914597919;0,004344728;0,00496045;0,004622315
296,2775624511903;0,004495362;0,005078125;0,004795167
295,38954548273307;0,004358399;0,005033937;0,004666504
294,64946434099653;0,004435548;0,005056886;0,004666911500000001
293,76128679754805;0,004509034;0,005100343;0,004742432
292,8730220412842;0,004360108;0,004966065;0,00471045
291,9846703359162;0,004250733;0,00488794;0,004608643
291,0962319451803;0,004338379;0,004984864;0,0046875
290,2077071328395;0,004306397;0,00492505;0,004650147
289,4672039630277;0,00433252;0,004922852;0,004658204
288,57852139621247;0,004390382;0,004897706;0,004673829
287,6897531552583;0,004370362;0,004913575;0,004660401
286,8008995040258;0,004379639;0,00482544;0,004748048
285,91196070640046;0,004336915;0,00487378;0,004704835
285,1711135230608;0,004373536;0,004832764;0,004754395
284,2820193091696;0,00453711;0,005035889;0,004758057
283,39284069669895;0,004434571;0,004863282;0,004614258
282,50357794963134;0,004417481;0,004771241;0,004477784
281,614231331974;0,004506837;0,004877686;0,004682618
280,87304527326677;0,00439795;0,004836181833333333;0,0045621755
279,9835455786295;0,004399659;0,004841797;0,004545411
279,09396276155826;0,004388428;0,005022706;0,004741944
278,20429708615484;0,004318604;0,004952394;0,004670899
277,3145488165463;0,004371095;0,004938478;0,004739747
276,42471821688395;0,004382081;0,004922608;0,00458252
275,6831300167413;0,004333741;0,004854981;0,004585694
274,7931491647881;0,004433595;0,00491211;0,004667237
273,90308673134246;0,004356446;0,004833741;0,004665771
273,01294298064937;0,004327393;0,004876465;0,004607178
272,1227181769772;0,004452638;0,004902833;0,004620606
271,38080244912067;0,004338136;0,004725343;0,004579509333333334
270,49042973476514;0,00441626;0,004785401;0,004582276
269,59997671632283;0,004491944;0,004734864;0,004686769
268,7094436581541;0,004472169;0,004773438;0,004698976
267,81883082464384;0,004482178;0,00493335;0,00472754
267,07659271464445;0,00443213;0,004802938333333334;0,0046764741666666665
266,18583431308394;0,004264649;0,004756104;0,004622804
265,29499688539937;0,004427247;0,004866456;0,004702394
264,4040806960648;0,004454346;0,004811036;0,004653565
263,51308600957867;0,004479737;0,004750489;0,004562501
262,62201309046253;0,004595704;0,004955079;0,004597413
262,4734933499011;0,004384034;0,00482129;0,004642579
