Step;./data/KMnO4-HIGH-CONC.txt;./data/WATER.txt;./data/KMnO4-DILUTED.txt
3,0;0,004765138;0,007845704999999998;0,005242188
8,0;0,004745118;0,007908692999999998;0,005206056
12,0;0,004779542;0,007900392;0,005274659
17,0;0,004885499;0,007975587;0,005180665
23,0;0,004732179;0,007862793999999998;0,005140137
29,0;0,004784913;0,007899415;0,005177491
34,0;0,004661378;0,007754152;0,005082764
40,0;0,004676026;0,007665039999999999;0,004994385
46,0;0,004806642;0,007760744;0,005117921
52,0;0,004656983;0,007536621999999998;0,004979981
58,0;0,00460376;0,007527345;0,005003175
63,0;0,004688966;0,007582275999999998;0,005122071
69,0;0,004506348;0,007492432999999998;0,005130616
75,0;0,004528077;0,007502441999999998;0,005061769
81,0;0,004525392;0,007453126;0,005058838
87,0;0,004463624;0,0074292;0,004938721
92,0;0,00443213;0,007513429;0,004955567
98,0;0,004439942;0,007345461;0,004857667
104,0;0,004428467;0,007270752999999999;0,004826417
110,0;0,004506104;0,007373048;0,004837403
116,0;0,004345216;0,007236328999999999;0,004689454
122,0;0,004385987;0,00712549;0,004720703
127,0;0,004550293;0,007246339;0,004746094
133,0;0,004457032;0,007090333;0,004652589
139,0;0,004431153;0,00709424;0,004806397
145,0;0,004424805;0,00702173;0,004784913
151,0;0,004416749;0,007032716;0,004782471
156,0;0,00456006;0,006973391;0,004983399
162,0;0,004465333;0,006861573;0,004947267
168,0;0,004479493;0,006766114;0,004947022
174,0;0,004621583;0,006930909;0,005039308
180,0;0,004500489;0,006800294;0,005054688
185,0;0,004562745;0,006773927;0,005030274
191,0;0,004701905;0,006896242;0,005220948
197,0;0,004766114;0,006819337;0,005322022
203,0;0,004816163;0,006908205;0,005455566
209,0;0,004897217;0,007009278;0,005570557
215,0;0,004883301;0,006989747;0,005638185
220,0;0,004996338;0,007061036;0,005745118
226,0;0,004903809;0,007187014;0,005845215
232,0;0,004964112;0,007158204;0,005884035
238,0;0,005163575;0,007317139999999998;0,006115724
244,0;0,005089845;0,007369386;0,006098634
249,0;0,005125489;0,007496095;0,006191896
255,0;0,005357422;0,007699952;0,006506104
261,0;0,005358644;0,007835939;0,006632569
267,0;0,005531983;0,008054933;0,006785402
273,0;0,005561036;0,008093506999999998;0,006996583
278,0;0,00557129;0,008116945;0,00694629
284,0;0,005618653;0,008231935;0,007151613
290,0;0,005686036;0,008388184999999998;0,00709961
296,0;0,005675538;0,008478028999999998;0,007283203999999998
302,0;0,00590796;0,008618897;0,007437013999999999
308,0;0,005808839;0,008610598;0,007293458
313,0;0,005813966;0,008669436;0,007388429
319,0;0,006003907;0,008877932;0,007548341
325,0;0,005967531;0,008903321;0,007520265
331,0;0,005971437;0,008896485;0,007552248
337,0;0,006047853;0,00900879;0,007592042999999998
342,0;0,005925294;0,008992188;0,007547364
348,0;0,005958253;0,00899341;0,007496583
354,0;0,005937257;0,008881593;0,00742676
360,0;0,005810304;0,008907717;0,007367677
366,0;0,00595337;0,009020509;0,007463868
371,0;0,005890871;0,008946534;0,00725635
377,0;0,005940187;0,008971925;0,007186769
383,0;0,006045167;0,009035891;0,007364258999999998
389,0;0,005940187;0,008902589;0,007182374
395,0;0,005874269;0,00892676;0,007075196
401,0;0,00579419;0,008949221;0,006972902
406,0;0,005749512;0,008743654;0,00691089
412,0;0,005720215;0,008775147;0,006823487
418,0;0,00547998;0,008596437;0,006649903
424,0;0,005398195;0,008447266999999998;0,00645752
430,0;0,005474854;0,008519288;0,006408692
435,0;0,005400879;0,008256348999999998;0,006231202
441,0;0,005345948;0,008140869999999998;0,006178957
447,0;0,005317628;0,008016115;0,006177247
453,0;0,005177002;0,007796876;0,006008546
459,0;0,005076661;0,007848390999999998;0,005851319
464,0;0,005129883;0,007696777999999999;0,005848145
470,0;0,004958985;0,007496583;0,005649903
476,0;0,005014649;0,007471437;0,005673584
482,0;0,004908692;0,007244874;0,005522705
488,0;0,004946534;0,007087648;0,005567627
494,0;0,00498877;0,007107912;0,005692872
499,0;0,004870118;0,007004395;0,005543702
505,0;0,004800538;0,006851808;0,005492188
511,0;0,004905274;0,006940187;0,005714112
517,0;0,004840333;0,006876466;0,005566407
523,0;0,004910157;0,006982667;0,005752931
528,0;0,005107179;0,006933351;0,005746095
534,0;0,004990724;0,006791993;0,005666993
540,0;0,005125;0,006911867;0,005768556
546,0;0,005000733;0,00682129;0,005747804
552,0;0,005020265;0,006739259;0,00566211
558,0;0,005092286;0,00689502;0,005793702
563,0;0,00503418;0,006855226;0,005848145
569,0;0,00505542;0,00692627;0,005785645
575,0;0,005195558;0,007022706;0,005879152
581,0;0,005180665;0,007124757;0,00580713
587,0;0,005207032;0,007021486;0,005847657
592,0;0,005294923;0,007144288;0,005843263
598,0;0,005154053;0,007031739;0,00570044
604,0;0,005224122;0,007159669;0,005648194
610,0;0,005109376;0,007023683;0,005579591
616,0;0,004937745;0,006975343;0,00551416
621,0;0,005029786;0,007095461;0,005519288
627,0;0,004875001;0,00686548;0,005288819
633,0;0,004807862;0,006803468;0,005204346
639,0;0,004892579;0,006722658;0,005258546
645,0;0,004799806;0,006500001;0,005176026
651,0;0,004735108;0,006530519;0,005229492
656,0;0,004730225;0,006385988;0,005295167
662,0;0,004663819;0,006263673;0,00522461
668,0;0,004742432;0,006293214;0,005403077
674,0;0,004729493;0,006098878;0,005529298
680,0;0,004755128;0,006140382;0,005561769
685,0;0,005029297;0,006207276;0,005871583
691,0;0,005001954;0,006106203;0,006094972
697,0;0,005040772;0,006163087;0,006463869
703,0;0,005415528;0,006385988;0,007014406
709,0;0,00568042;0,006443849;0,007505861
714,0;0,006080568;0,006725099;0,008058839999999998
720,0;0,006329347;0,007065431;0,008696535
726,0;0,006557863;0,007212403;0,009266358
732,0;0,006924807;0,00767212;0,01006128
738,0;0,007522463;0,008035158;0,01096362
744,0;0,007995362;0,008598144999999998;0,01169165
749,0;0,008414797;0,009214356000000002;0,01256323
755,0;0,008876953999999998;0,009692384;0,0131565
761,0;0,009384523;0,0103523;0,01394702
767,0;0,01014917;0,0113313;0,01506104
773,0;0,01080469;0,01223853;0,01592456
778,0;0,01114746;0,01295288;0,01675489
784,0;0,01169068;0,01367481;0,01760401
790,0;0,01200269;0,01433814;0,01814087
796,0;0,01253345;0,0151355;0,01894922
802,0;0,01308228;0,01614551;0,01997998
807,0;0,01353296;0,01697461;0,02064063
813,0;0,01404981;0,01780567;0,02139014
819,0;0,01439234;0,0185625;0,02214478
825,0;0,01476489;0,01928858;0,02261255
831,0;0,01527539;0,02030713;0,02361793
837,0;0,01563867;0,02111353;0,02420679
842,0;0,01608594;0,0219502;0,0249524
848,0;0,0164961;0,02259326;0,0255149
854,0;0,01661524;0,02313355;0,02587159
860,0;0,01703101;0,02386011;0,02649512
866,0;0,0172312;0,02447339;0,02706519
871,0;0,01756812;0,02502125;0,02742139
877,0;0,01790064;0,02571314;0,02797877
883,0;0,01800953;0,0262046;0,0283313
889,0;0,01827784;0,02658326;0,02882227
895,0;0,01859131;0,02741309;0,02926563
900,0;0,01866455;0,02787037;0,02961451
906,0;0,01893946;0,02821314;0,02988477
912,0;0,0192146;0,02864429;0,03028565
918,0;0,01924146;0,02898267;0,03033716
924,0;0,01924512;0,0294314;0,03059571
930,0;0,01925147;0,02974756;0,03074439
935,0;0,01935694;0,03000489;0,03064722
941,0;0,01938379;0,03033814;0,03073658
947,0;0,01921729;0,03057178;0,0304148
953,0;0,01921924;0,0306189;0,03035499
959,0;0,01911011;0,03084864;0,02989625
964,0;0,01874414;0,03092359;0,02920118
970,0;0,01849219;0,03091675;0,02857178
976,0;0,0181189;0,03085816;0,02789917
982,0;0,017646;0,03055274;0,02714429
988,0;0,01724488;0,03023584;0,02613868
993,0;0,01630054;0,02953467;0,02476929
999,0;0,01565454;0,02890577;0,02372999
1005,0;0,01513526;0,0284585;0,02276001
1011,0;0,01446045;0,02736036;0,0217854
1017,0;0,0138335;0,02678418;0,02091553
1023,0;0,01313892;0,02572608;0,02004273
1028,0;0,01231568;0,02435694;0,01914429
1034,0;0,01191455;0,02332227;0,01863843
1040,0;0,01168555;0,02247486;0,01835816
1046,0;0,0114314;0,02147779;0,01813696
1052,0;0,01141528;0,02064942;0,01835449
1057,0;0,01137134;0,01964405;0,01875171
1063,0;0,01158423;0,01885864;0,01923194
1069,0;0,01191846;0,01868409;0,01998779
1075,0;0,01237305;0,01845972;0,02075171
1081,0;0,0128728;0,01844995;0,0215835
1086,0;0,01376368;0,01896265;0,0228158
1092,0;0,014625;0,01948535;0,02429126
1098,0;0,01541284;0,02015528;0,02539844
1104,0;0,01619019;0,02089429;0,02660743
1110,0;0,01677002;0,02159229;0,02752198
1116,0;0,01764234;0,02261304;0,02858936
1121,0;0,0185625;0,02403077;0,02982691
1127,0;0,01918335;0,02507813;0,03084766
1133,0;0,0198418;0,02627027;0,03176661
1139,0;0,02030835;0,02729737;0,0324524
1145,0;0,02072803;0,02829786;0,03312427
1150,0;0,02134742;0,02964966;0,03393433
1156,0;0,02183985;0,03084034;0,03446265
1162,0;0,02206788;0,03166651;0,03498707
1168,0;0,0224065;0,0325442;0,03554078
1174,0;0,02249756;0,03301319;0,03566529
1180,0;0,02265088;0,0337334;0,03605201
1185,0;0,0228982;0,03434253;0,03639185
1191,0;0,02306641;0,03480811;0,03677149
1197,0;0,02310865;0,0352732;0,03722657
1203,0;0,02325928;0,03556958;0,03758961
1209,0;0,0234795;0,03582203;0,03825318
1214,0;0,02397339;0,03626807;0,03920582
1220,0;0,02425684;0,0365857;0,04015357
1226,0;0,02474073;0,03702442;0,0411272
1232,0;0,02529786;0,0374585;0,04234303
1238,0;0,02595386;0,037865;0,04362671
1243,0;0,0267461;0,03860059;0,04515162
1249,0;0,02790186;0,0395481;0,04731666
1255,0;0,02907569;0,04055567;0,04942482
1261,0;0,03033765;0,04183668;0,0511753
1267,0;0,03141211;0,04315601;0,05317774
1273,0;0,03251417;0,04440845;0,05491285
1278,0;0,03413355;0,04645484;0,05748048
1284,0;0,03576587;0,04864479;0,05980421
1290,0;0,03703785;0,05076344;0,06198048
1296,0;0,03813697;0,05257569;0,06369752
1302,0;0,03921656;0,05434791;0,06537526
1307,0;0,04032203;0,05647413;0,06726709
1313,0;0,04166358;0,05903346;0,06916139
1319,0;0,0426565;0,06130714;0,07072169
1325,0;0,04376441;0,06318044;0,07201198
1331,0;0,0444502;0,06483009;0,07301855999999998
1336,0;0,04503003;0,06646925;0,07373560999999998
1342,0;0,0456167;0,06843996;0,07468115999999998
1348,0;0,04612085;0,07030323;0,07522901999999998
1354,0;0,04636011;0,07155421;0,07541895
1360,0;0,04654688;0,07261328999999998;0,07553688
1366,0;0,04643873;0,07345289;0,07534449999999998
1371,0;0,04638721;0,07429687999999998;0,07512085999999998
1377,0;0,04599049;0,07487257;0,07466432
1383,0;0,04570972;0,07532618;0,07402417999999998
1389,0;0,04535743;0,07548486999999998;0,07389136999999998
1395,0;0,04479102;0,07540529;0,07330396999999998
1400,0;0,04451758;0,07516407;0,07301294999999998
1406,0;0,04412354;0,0750027;0,07298707
1412,0;0,04376368;0,07424757;0,07332497
1418,0;0,04386011;0,07373072;0,07414162
1424,0;0,04398072;0,07340186999999998;0,07519019
1429,0;0,04443678;0,07293336;0,07673463
1435,0;0,04527295;0,07287061999999998;0,07872999
1441,0;0,04689454;0,07281886;0,08228517
1447,0;0,04860402;0,07336695;0,08587330999999998
1453,0;0,05072267;0,07436842;0,08947658
1459,0;0,05291652;0,07579395999999998;0,0934441
1464,0;0,05516382;0,07787159;0,096834
1470,0;0,05845241;0,08085792999999998;0,101762
1476,0;0,0620647;0,08533791;0,1071167
1482,0;0,06481373;0,08901003;0,1109461
1488,0;0,06716627;0,09279176;0,1146253
1493,0;0,06931349;0,09651662;0,1177979
1499,0;0,07148219;0,1004507;0,121096
1505,0;0,07422267;0,1058472;0,1252373
1511,0;0,07631103999999998;0,1101077;0,1284634
1517,0;0,07800245;0,11372;0,1311748
1522,0;0,08001197;0,1175298;0,1339321
1528,0;0,08119092999999998;0,1207669;0,1359158
1534,0;0,08283472999999998;0,1243797;0,1388811
1540,0;0,08482618;0,1284719;0,1418675
1546,0;0,08585304;0,1313972;0,1440867
1552,0;0,08688453999999998;0,1339448;0,1459429
1557,0;0,08784279;0,1364273;0,1477874
1563,0;0,08877443;0,1385769;0,149553
1569,0;0,09009426;0,1414898;0,1518628
1575,0;0,09119557;0,1436819;0,1535015
1581,0;0,09213894;0,145771;0,1551258
1586,0;0,09319508000000001;0,1478921;0,1567361
1592,0;0,09371998;0,1495591;0,1581402
1598,0;0,0948025;0,1516228;0,1598064
1604,0;0,0961233;0,1539509;0,1618345
1610,0;0,09695168;0,1555164;0,1630652
1615,0;0,09799148;0,1571138;0,1646147
1621,0;0,09856325;0,1586978;0,1659859
1627,0;0,0993174;0,1601826;0,1674278
1633,0;0,1004988;0,1620681;0,1691133
1639,0;0,1013274;0,1637234;0,1705247
1645,0;0,102126;0,1649561;0,1721209
1650,0;0,1026831;0,1665078;0,1732551
1656,0;0,1033902;0,167753;0,1744241
1662,0;0,1043057;0,1695015;0,1760638
1668,0;0,1051839;0,1713394;0,1777005
1674,0;0,1059463;0,1725274;0,1786763
1679,0;0,1065335;0,1737136;0,1797874
1685,0;0,1072722;0,1747337;0,1808801
1691,0;0,1081033;0,176305;0,1822114
1697,0;0,1091321;0,1781355;0,1840359
1703,0;0,109741;0,1797307;0,1856167
1709,0;0,1107227;0,1812654;0,1867617
1714,0;0,1117149;0,1824654;0,1881797
1720,0;0,1122527;0,1836934;0,1896509
1726,0;0,1133206;0,1852053;0,1912427
1732,0;0,1145205;0,1869283;0,1933897
1738,0;0,1155486;0,1885723;0,1951441
1743,0;0,1164575;0,1900179;0,1966807
1749,0;0,1173621;0,1915713;0,1981707
1755,0;0,1183792;0,1931023;0,19999
1761,0;0,1196096;0,1947952;0,20216
1767,0;0,1207026;0,1966214;0,2040481
1772,0;0,1217918;0,198473;0,2053396
1778,0;0,1227722;0,1999558;0,2068765
1784,0;0,1236687;0,201388;0,2083914
1790,0;0,1248338;0,2035203;0,2103409
1796,0;0,1260935;0,205854;0,2124339
1802,0;0,1270176;0,2076248;0,214041
1807,0;0,1278321;0,2092122;0,2153084
1813,0;0,1286485;0,2107459;0,2167391
1819,0;0,1296741;0,2120623;0,2181748
1825,0;0,1307522;0,2141614;0,2197928
1831,0;0,1315669;0,2158292;0,2213748
1836,0;0,1325015;0,2174327;0,2228167
1842,0;0,1331831;0,218771;0,2239458
1848,0;0,1339463;0,2202088;0,225292
1854,0;0,1349678;0,2220198;0,2271514
1860,0;0,1359209;0,2238777;0,2288543
1865,0;0,136897;0,2252229;0,2304859
1871,0;0,1376817;0,2266827;0,2318726
1877,0;0,1382395;0,2280157;0,233104
1883,0;0,1390684;0,2293287;0,2343699
1889,0;0,1402972;0,2313985;0,236179
1895,0;0,1413086;0,2328484;0,2378724
1900,0;0,1420283;0,2343255;0,2396101
1906,0;0,1428335;0,2356932;0,2412464
1912,0;0,1439207;0,2369852;0,2423711
1918,0;0,1450899;0,2388116;0,2442002
1924,0;0,1462598;0,241003;0,2464456
1929,0;0,147083;0,2424939;0,2481263
1935,0;0,148221;0,2439341;0,2497342
1941,0;0,1491751;0,2456358;0,251261
1947,0;0,1499817;0,2472696;0,2530889
1953,0;0,1514502;0,2494803;0,2550777
1958,0;0,1524959;0,2511163;0,25702
1964,0;0,1537102;0,2530398;0,2584644
1970,0;0,1548106;0,2549673;0,2600337
1976,0;0,1557522;0,2565967;0,2614278
1982,0;0,1570916;0,2587808;0,2639471
1988,0;0,1583357;0,2610918;0,2663821
1993,0;0,1592515;0,2629871;0,2679717
1999,0;0,1604397;0,2648587;0,269572
2005,0;0,1612241;0,2662952;0,2710289
2011,0;0,1623967;0,2679231;0,2730484
2017,0;0,1636336;0,2701985;0,275504
2022,0;0,1648245;0,2722105;0,277533
2028,0;0,165846;0,2743455;0,2790914
2034,0;0,166751;0,2760574;0,2807471
2040,0;0,1673306;0,2776241;0,2822268
2046,0;0,1688599;0,2796568;0,2844476
2051,0;0,1703352;0,2820367;0,2865967
2057,0;0,1714229;0,2839444;0,2884825
2063,0;0,1724327;0,2856934;0,2901914
2069,0;0,1733308;0,2872779;0,2918223
2075,0;0,174512;0,289232;0,2936236
2081,0;0,176062;0,291605;0,2959891
2086,0;0,1770164;0,2938181;0,2980484
2092,0;0,1781326;0,2958529;0,2996521
2098,0;0,1791746;0,2975826;0,3013387
2104,0;0,1801822;0,299021;0,3032273
2110,0;0,1816651;0,3017032;0,305293
2115,0;0,1829033;0,304118;0,3077413
2121,0;0,1840576;0,3058389;0,3097254
2127,0;0,1849536;0,3078438;0,3117779
2133,0;0,1861721;0,3093858;0,3135435
2139,0;0,1875303;0,3114827;0,315668
2144,0;0,1887957;0,3143028;0,31784391666666667
2150,0;0,190022;0,3163372;0,3206153
2156,0;0,1911658;0,3186075;0,3229549
2162,0;0,192867;0,3204036;0,3249754
2168,0;0,1939366;0,3223853;0,3270262
2174,0;0,1955586;0,3250486;0,3293404
2179,0;0,1972232;0,328188;0,3320306
2185,0;0,1986924;0,3303191;0,3343973
2191,0;0,200325;0,3327386;0,3364246
2197,0;0,2014361;0,334408;0,3383489
2203,0;0,202448;0,3368792;0,3405347
2208,0;0,2039949;0,3398824;0,3432693
2214,0;0,2057041;0,342232;0,3454422
2220,0;0,206877;0,3445891;0,3475608
2226,0;0,207472;0,3467464;0,3494583
2232,0;0,2083218;0,3487559;0,3514385
2237,0;0,2097249;0,3513384;0,35361991666666664
2243,0;0,2113445;0,3543152;0,3567222
2249,0;0,2127247;0,3569102;0,3589332
2255,0;0,2137945;0,3591516;0,3610184
2261,0;0,2147881;0,3611124;0,3631263
2267,0;0,2159727;0,3633142;0,3649993
2272,0;0,2176653;0,3660128;0,3679554
2278,0;0,2191712;0,3685948;0,37024
2284,0;0,2205686;0,371045;0,3721407
2290,0;0,2214673;0,3729888;0,3742847
2296,0;0,222337;0,3749375;0,3761524
2301,0;0,2239576;0,3775001;0,3787117
2307,0;0,2254537;0,3810387;0,3814808
2313,0;0,2266841;0,3835333;0,3835074
2319,0;0,2276182;0,3858553;0,386025
2325,0;0,2286626;0,387598;0,3880006
2331,0;0,2298999;0,3898133;0,3898409
2336,0;0,231742;0,3927135;0,3927606
2342,0;0,2332398;0,3958177;0,395275
2348,0;0,2347649;0,3980326;0,3975924
2354,0;0,2360723;0,4005552;0,4000748
2360,0;0,2370047;0,4026614;0,4018064
2365,0;0,2381236;0,4055789;0,4046849
2371,0;0,2393389;0,4086536;0,4070904
2377,0;0,2403692;0,4110284;0,4093126
2383,0;0,2416299;0,413366;0,4111485
2389,0;0,2422996;0,4154771;0,4130982
2394,0;0,2435093;0,4178241;0,4149652
2400,0;0,2444646;0,4210047;0,4176182
2406,0;0,2454617;0,4240426;0,4198426
2412,0;0,2466954;0,425952;0,421527
2418,0;0,2476614;0,4283311;0,4230658
2424,0;0,2480018;0,430119;0,4246219
2429,0;0,2486968;0,4327733;0,4265638
2435,0;0,2492615;0,4355521;0,4283553
2441,0;0,2500562;0,4376666;0,4294261
2447,0;0,2508452;0,439786;0,4303035
2453,0;0,2510945;0,4412498;0,4312894
2458,0;0,2512415;0,4432017;0,4321568
2464,0;0,2514886;0,4450316;0,4330694
2470,0;0,2516292;0,4471175;0,4339918
2476,0;0,2517872;0,4489654;0,4346188
2482,0;0,2517164;0,4503104;0,4350272
2487,0;0,2509627;0,451096;0,4352662
2493,0;0,2510723;0,4525248;0,435699
2499,0;0,250231;0,4543382;0,4350342
2505,0;0,2497041;0,4553907;0,4343739
2511,0;0,2491765;0,456077;0,4336558
2517,0;0,2484334;0,4564651;0,4326512
2522,0;0,2475594;0,4568175;0,4313961
2528,0;0,2464344;0,4571073;0,4295284
2534,0;0,2448514;0,4569032;0,4273921
2540,0;0,2435511;0,4568761;0,4252317
2546,0;0,2416453;0,4559044;0,4228333
2551,0;0,2403491;0,4547738;0,4202117
2557,0;0,2382842;0,4543827;0,4168975
2563,0;0,235304;0,4529381;0,4122455
2569,0;0,2327527;0,4515489;0,4087496
2575,0;0,2303257;0,4496724;0,4052357
2580,0;0,2279666;0,447097;0,4010816
2586,0;0,225326;0,4450458;0,3968924
2592,0;0,2212796;0,4410692;0,3906676
2598,0;0,2173792;0,4374442;0,3853617
2604,0;0,2141358;0,4341754;0,3801903
2610,0;0,2111275;0,430452;0,3747046
2615,0;0,2075735;0,4263688;0,369428
2621,0;0,2033201;0,4218255;0,3630682
2627,0;0,1977711;0,4150616;0,3539434
2633,0;0,1938885;0,4101382;0,3477935
2639,0;0,1896521;0,4052003;0,3451656
2644,0;0,1850945;0,399735;0,3452398
2650,0;0,1816497;0,3943682;0,3476495
2656,0;0,1795371;0,3864539;0,3512068
2662,0;0,179667;0,3789747;0,3545581
2668,0;0,180564;0,3726251;0,3566094
2673,0;0,1807486;0,3681214;0,35804356666666665
2679,0;0,1808599;0,3668623;0,3601805
2685,0;0,1809797;0,3693057;0,3622452
2691,0;0,1808789;0,3739175;0,3643104
2697,0;0,1807674;0,3771717;0,366295
2703,0;0,181105;0,3800072;0,3678765
2708,0;0,1807232;0,3824059;0,3692395
2714,0;0,1806541;0,3845638;0,3704781
2720,0;0,180627;0,3876524;0,371816
2726,0;0,1802805;0,3903441;0,3733687
2732,0;0,1796126;0,3922684;0,3746426
2737,0;0,1787664;0,3940316;0,3756226
2743,0;0,1785291;0,3956795;0,3764281
2749,0;0,1779627;0,3977186;0,3780303
2755,0;0,1771641;0,3998248;0,3789412
2761,0;0,1761438;0,4014786;0,3799056
2766,0;0,1755169;0,4028465;0,38076193333333336
2772,0;0,1746802;0,4040274;0,3819354
2778,0;0,1738711;0,4051675;0,3824444
2784,0;0,1729392;0,4074412;0,3835147
2790,0;0,1717434;0,4090372;0,3844039
2796,0;0,1710005;0,4102068;0,3853963
2801,0;0,1701704;0,4111641;0,3862735
2807,0;0,1690801;0,4122579;0,3867569
2813,0;0,1679793;0,4138102;0,3873885
2819,0;0,1665291;0,4154815;0,3883353
2825,0;0,1656023;0,416712;0,3887738
2830,0;0,1651521;0,4176429;0,3893787
2836,0;0,1637503;0,4185108;0,389785
2842,0;0,1624341;0,4198736;0,3900736
2848,0;0,1609307;0,4211729;0,3908924
2854,0;0,1593807;0,4221915;0,3913709
2859,0;0,1582102;0,42306225000000003;0,39171906666666667
2865,0;0,1572114;0,424317;0,3915787
2871,0;0,155656;0,4250303;0,3917652
2877,0;0,153877;0,42591;0,3924146
2883,0;0,1518508;0,4273519;0,392765
2889,0;0,1501729;0,428191;0,3929683
2894,0;0,148596;0,428732;0,3929734
2900,0;0,1468867;0,4295619;0,392899
2906,0;0,145189;0,4302474;0,393087
2912,0;0,1428797;0,4310941;0,3932979
2918,0;0,1410596;0,4319993;0,393681
2923,0;0,1391145;0,4327494;0,3934474
2929,0;0,137238;0,433433;0,3937518
2935,0;0,1356565;0,4338326;0,3940557
2941,0;0,1337739;0,4345145;0,3947681
2947,0;0,1302356;0,4357666;0,3949681
2953,0;0,1278125;0,4368931;0,3952125
2958,0;0,1259282;0,4378065;0,3955006
2964,0;0,1232671;0,4385248;0,3954669
2970,0;0,1212205;0,4390538;0,3957137
2976,0;0,1191902;0,4400736;0,3955113
2982,0;0,1172236;0,4405755;0,395431
2987,0;0,115791;0,4409627;0,3955765
2993,0;0,114282;0,4415403;0,3954827
2999,0;0,1129446;0,4418738;0,3950435
3005,0;0,1113679;0,4426631;0,394908
3011,0;0,1087044;0,4437813;0,3944852
3016,0;0,1066882;0,4446258;0,3943521
3022,0;0,1053697;0,4447686;0,3944268
3028,0;0,1034961;0,4447926;0,3939693
3034,0;0,1019378;0,4452308;0,3938851
3040,0;0,09973927;0,4457462;0,3931021
3046,0;0,09769314;0,4467274;0,3930509
3051,0;0,09613332;0,4470245;0,3928651
3057,0;0,09445436;0,4476217;0,3925892
3063,0;0,09290577;0,4479376;0,3920931
3069,0;0,09102687;0,4483599;0,3919449
3075,0;0,0888318;0,4485514;0,3914161
3080,0;0,08710084;0,4489124;0,3913441
3086,0;0,08573047999999998;0,4495606;0,3912125
3092,0;0,08385914999999998;0,4499886;0,3904945
3098,0;0,08241041;0,4503863;0,3903419
3104,0;0,08040284;0,4506766;0,3894959
3109,0;0,07849902999999998;0,4506558;0,3888848
3115,0;0,07701442;0,4509803;0,3880824
3121,0;0,07541554;0,451438;0,387585
3127,0;0,07411329999999998;0,4515243;0,3873616
3133,0;0,07268555;0,4515736;0,3867415
3139,0;0,07046876;0,4518079;0,385773
3144,0;0,06911964;0,4518778;0,3853712
3150,0;0,06799122;0,4518487;0,3845872
3156,0;0,06641407;0,4516815;0,383597
3162,0;0,06499708;0,4518016;0,3831182
3168,0;0,063344;0,4516895;0,3824776
3173,0;0,06157716;0,4518297;0,3815721
3179,0;0,06035866;0,4518131;0,3811705
3185,0;0,0589839;0,4517513;0,3805457
3191,0;0,05785792;0,451379;0,3800828
3197,0;0,05655543;0,4514757;0,3792896
3202,0;0,05488697;0,451556;0,3785234333333333
3208,0;0,05373512;0,4512816;0,3773343
3214,0;0,05276246;0,4512286;0,3772017
3220,0;0,05132203;0,4512376;0,3761109
3226,0;0,05046778;0,4514786;0,3754813
3232,0;0,04908741;0,4520208;0,3741797
3237,0;0,04774854;0,4518621;0,3739539
3243,0;0,04668018;0,451017;0,3730267
3249,0;0,04575611;0,4508944;0,3729004
3255,0;0,04483106;0,4511073;0,3717522
3261,0;0,04383765;0,4514044;0,3710108
3266,0;0,04265235;0,4512699;0,3698062
3272,0;0,04172559;0,4510689;0,3688399
3278,0;0,04112867;0,4510799;0,3680706
3284,0;0,0399712;0,4507025;0,3673226
3290,0;0,03918287;0,4505187;0,3664825
3295,0;0,03814014;0,4502039;0,36559274999999997
3301,0;0,03719385;0,449734;0,3647139
3307,0;0,03650318;0,4494647;0,3637654
3313,0;0,03583595;0,4491541;0,3630264
3319,0;0,03494898;0,4489915;0,362314
3325,0;0,03442359;0,44872;0,3612283
3330,0;0,03345899;0,4484596;0,3602449
3336,0;0,03281739;0,4480743;0,3591045
3342,0;0,03232447;0,447901;0,3586443
3348,0;0,03162232;0,4475333;0,3576873
3354,0;0,03113477;0,4471107;0,3564473
3359,0;0,03044385;0,4464015;0,355501
3365,0;0,02966993;0,4459032;0,3543379
3371,0;0,02907618;0,4458382;0,3534507
3377,0;0,02853296;0,4455528;0,3525203
3383,0;0,02805225;0,4449564;0,3516385
3388,0;0,02763746;0,4441698;0,35102058333333336
3394,0;0,02694971;0,4436439;0,3493951
3400,0;0,02640089;0,4428775;0,3483909
3406,0;0,02619288;0,4429615;0,3477618
3412,0;0,0256814;0,4417027;0,3467134
3418,0;0,02534571;0,4410721;0,346015
3423,0;0,02478126;0,4406976;0,3447015
3429,0;0,02422315;0,4403922;0,3432579
3435,0;0,02390943;0,4397537;0,3423496
3441,0;0,02359864;0,4389896;0,3416658
3447,0;0,02331177;0,4383263;0,3406902
3452,0;0,02300293;0,4376358;0,3398028
3458,0;0,0226521;0,4369412;0,3384273
3464,0;0,02214283;0,4361112;0,3374766
3470,0;0,02200708;0,4355806;0,3364798
3476,0;0,0216045;0,4344244;0,3355044
3481,0;0,02134351;0,43395589999999995;0,33466681666666664
3487,0;0,02089356;0,4327823;0,3331636
3493,0;0,02048291;0,4316014;0,3317246
3499,0;0,02034107;0,4307401;0,3307288
3505,0;0,02001929;0,4304586;0,3301272
3511,0;0,01958862;0,429358;0,328938
3516,0;0,01936182;0,4287223;0,3278726
3522,0;0,01905933;0,427263;0,3262398
3528,0;0,01875244;0,4265091;0,3250681
3534,0;0,01860498;0,4260037;0,323918
3540,0;0,01812281;0,4250838;0,3223594
3545,0;0,01783985;0,4239479;0,3210855
3551,0;0,01745533;0,4228797;0,3194644
3557,0;0,01688989;0,4216729;0,3175288
3563,0;0,01672168;0,420587;0,3158536
3569,0;0,01640332;0,4197313;0,3143743
3575,0;0,01594922;0,4184581;0,312938
3580,0;0,01569556;0,4172245;0,3115125
3586,0;0,01524854;0,416042;0,3092798
3592,0;0,01483032;0,4151036;0,3076749
3598,0;0,01454224;0,4144154;0,3063157
3604,0;0,01398877;0,4128092;0,3045428
3609,0;0,01367896;0,4115106;0,3034541
3615,0;0,01332471;0,4101917;0,3015704
3621,0;0,0128728;0,4086759;0,2996419
3627,0;0,01254151;0,4072694;0,2981925
3633,0;0,01223438;0,4063387;0,2965987
3638,0;0,01192237;0,4056983;0,2954163
3644,0;0,01158496;0,4046705;0,293886
3650,0;0,01119483;0,4032999;0,2919368
3656,0;0,01082935;0,4022418;0,2900914
3662,0;0,01053174;0,4014259;0,288709
3668,0;0,01014038;0,3999515;0,2863553
3673,0;0,009854006;0,3997293;0,2845772
3679,0;0,009585451;0,3984876;0,2819312
3685,0;0,009172609000000002;0,3971051;0,2793289
3691,0;0,008838869;0,3960931;0,2771971
3697,0;0,008601076;0,3944471;0,2748042
3702,0;0,008288818999999998;0,3935189;0,2720325
3708,0;0,008017823999999998;0,3926273;0,2687
3714,0;0,007468751;0,391014;0,2641382
3720,0;0,007045412;0,389347;0,2604642
3726,0;0,006962892;0,3882918;0,2571995
3731,0;0,006374269;0,3868475;0,2532531666666667
3737,0;0,006075196;0,3858092;0,2479414
3743,0;0,005678711;0,3837599;0,2415142
3749,0;0,00527002;0,3819141;0,2340823
3755,0;0,005111817;0,3807203;0,2272432
3761,0;0,00493921;0,3798328;0,2204212
3766,0;0,004749269;0,3782999;0,2134175
3772,0;0,004683106;0,3768214;0,2047808
3778,0;0,004519532;0,3746079;0,193462
3784,0;0,00450708;0,3732779;0,184395
3790,0;0,004603028;0,3723001;0,1767412
3795,0;0,004460206;0,370637;0,1671221
3801,0;0,004402833;0,3694549;0,1592134
3807,0;0,004466065;0,3674317;0,14874
3813,0;0,004377687;0,3656453;0,1386963
3819,0;0,004460694;0,3644583;0,1311773
3824,0;0,004488282;0,3630396;0,12578604999999998
3830,0;0,004367188;0,3613538;0,1185674
3836,0;0,004448243;0,3599788;0,1126685
3842,0;0,004490235;0,3577227;0,1059954
3848,0;0,004551759;0,356045;0,1014295
3854,0;0,004583253;0,3545027;0,09831667
3859,0;0,004403321;0,352626;0,09515358
3865,0;0,004410401;0,3511927;0,09287331
3871,0;0,004447511;0,3489449;0,09066652
3877,0;0,004333985;0,3469366;0,089063
3883,0;0,004280762;0,3448775;0,0881836
3888,0;0,004419922;0,3431873;0,08782545
3894,0;0,00431006;0,3415543;0,08735498999999998
3900,0;0,00445459;0,3394146;0,08665771999999998
3906,0;0,004442871;0,3371456;0,08602906
3912,0;0,004407715;0,3354227;0,08536011999999998
3917,0;0,004585694;0,3339603;0,08478556999999998
3923,0;0,004352784;0,33216;0,08343483
3929,0;0,004320313;0,330261;0,08209547
3935,0;0,004362306;0,3281517;0,07974025
3941,0;0,004402345;0,3254349;0,07671901
3947,0;0,004422608;0,3235852;0,07384986
3952,0;0,004477295;0,322158;0,07059621
3958,0;0,004353516;0,3203133;0,06727004
3964,0;0,004338379;0,3183272;0,06334937
3970,0;0,004240479;0,3156666;0,05789576
3976,0;0,004207032;0,3137564;0,05371949
3981,0;0,004439454;0,3124817;0,05050782
3987,0;0,004360108;0,3102908;0,04678419
3993,0;0,004285401;0,3085518;0,04375684
3999,0;0,004388428;0,306346;0,04030567
4005,0;0,004337892;0,3035367;0,03733131
4010,0;0,004320558;0,30246778333333335;0,03565365166666667
4016,0;0,00437256;0,3007078;0,03382593
4022,0;0,004333497;0,2989979;0,03265235
4028,0;0,004370118;0,2969617;0,03188648
4034,0;0,00434546;0,2943716;0,03125318
4040,0;0,004415772;0,2924722;0,03105787
4045,0;0,004539308;0,2913355;0,03129859
4051,0;0,004458253;0,2891822;0,03144361
4057,0;0,004397706;0,2874988;0,03198585
4063,0;0,00438672;0,2853189;0,03291822
4069,0;0,004321534;0,2827698;0,03388843
4074,0;0,004370362;0,2809527;0,03488648
4080,0;0,004420167;0,2792002;0,03551636
4086,0;0,004361817;0,2772752;0,03618604
4092,0;0,004474122;0,2754788;0,03674244
4098,0;0,004457032;0,2724749;0,03712867
4103,0;0,004368897;0,2707433166666667;0,037054203333333334
4109,0;0,004525879;0,2686917;0,0368396
4115,0;0,004411622;0,2666336;0,0359441
4121,0;0,004381104;0,2646509;0,03509742
4127,0;0,004440186;0,2625774;0,03352003
4133,0;0,004441407;0,2599522;0,03184791
4138,0;0,00436255;0,2578592;0,03034253
4144,0;0,004419679;0,2559219;0,0290398
4150,0;0,004317872;0,2540328;0,02780469
4156,0;0,004403077;0,2526612;0,02674292
4162,0;0,004309815;0,2499341;0,02548511
4167,0;0,004291505;0,2481873;0,02485425
4173,0;0,004403321;0,2466651;0,02455542
4179,0;0,004321778;0,2445159;0,0242837
4185,0;0,004307618;0,2427058;0,02434937
4191,0;0,004329834;0,240501;0,02496046
4197,0;0,004136719;0,2381595;0,0254646
4202,0;0,004330811;0,2364925;0,02637476
4208,0;0,004437745;0,2347251;0,0273252
4214,0;0,004381836;0,2326521;0,02812696
4220,0;0,004434571;0,2304966;0,02959815
4226,0;0,004392091;0,2276587;0,03122217
4231,0;0,004392823;0,22549;0,03250464
4237,0;0,004389894;0,2240823;0,03349927
4243,0;0,004154786;0,2219995;0,03431642
4249,0;0,00416504;0,2201758;0,0350271
4255,0;0,004231934;0,2181385;0,03560181
4260,0;0,004240235;0,2154747;0,03573194
4266,0;0,00424878;0,2135955;0,03549585
4272,0;0,00432251;0,2116971;0,03527296
4278,0;0,004125;0,2098382;0,03481519
4284,0;0,004203126;0,2078162;0,0342212
4290,0;0,004241212;0,204941;0,03352296
4295,0;0,004276612;0,2029251;0,0329148
4301,0;0,004347413;0,2011602;0,03272364
4307,0;0,004268555;0,1993467;0,03243482
4313,0;0,004302491;0,1977232;0,03251807
4319,0;0,004206299;0,1955279;0,03293164
4324,0;0,004268312;0,193191;0,03348829
4330,0;0,004262696;0,191523;0,03431642
4336,0;0,004358887;0,1897771;0,03531592
4342,0;0,004331788;0,1877742;0,03640503
4348,0;0,004325929;0,1859478;0,03792212
4353,0;0,004361817;0,1833924;0,03963599499999999
4359,0;0,004293946;0,1814488;0,04148707
4365,0;0,004395997;0,17968;0,04296314
4371,0;0,004272706;0,1775855;0,04432325
4377,0;0,004303467;0,176085;0,04533741
4383,0;0,004357911;0,1735608;0,04643189
4388,0;0,004292725;0,1708501;0,047136
4394,0;0,004315186;0,1690271;0,04747633
4400,0;0,004370362;0,1675843;0,04762477
4406,0;0,004374757;0,1657862;0,04752564
4412,0;0,004410157;0,1642903;0,04750196
4417,0;0,004346192;0,1618289;0,04733277
4423,0;0,004333741;0,16001;0,04713331
4429,0;0,004387208;0,1586446;0,04716554
4435,0;0,004346437;0,1566624;0,04718409
4441,0;0,004313722;0,1551895;0,04735572
4446,0;0,004413575;0,1529961;0,04801978666666666
4452,0;0,004278077;0,1506348;0,0489524
4458,0;0,004370362;0,1489405;0,04982447
4464,0;0,00442212;0,1474312;0,05079078
4470,0;0,004284181;0,1459077;0,05160694
4476,0;0,004375733;0,1441609;0,05278932
4481,0;0,0043396;0,1417617;0,05433253
4487,0;0,004272461;0,1400301;0,05516432
4493,0;0,004412842;0,1386446;0,0560464
4499,0;0,00434131;0,1367085;0,05676563
4505,0;0,004321778;0,1355572;0,05714674
4510,0;0,004397218;0,1337144;0,0575359
4516,0;0,004248047;0,131617;0,05769288
4522,0;0,004265137;0,1297988;0,05761354
4528,0;0,004371827;0,128272;0,05761867
4534,0;0,004274903;0,1267696;0,05740797
4539,0;0,004280762;0,1255076;0,05728122
4545,0;0,004285889;0,1234397;0,05707398
4551,0;0,004239258;0,1217737;0,05689771
4557,0;0,004324464;0,1200528;0,05682936
4563,0;0,004206056;0,1185203;0,05694068
4569,0;0,004282471;0,1170559;0,05707325
4574,0;0,004304688;0,1154573;0,05735939
4580,0;0,004197267;0,1134429;0,05762721
4586,0;0,004259034;0,1118279;0,05791285
4592,0;0,004351563;0,1106514;0,05815089
4598,0;0,004256348;0,1091846;0,05805861
4603,0;0,004303224;0,1079592;0,05830445
4609,0;0,004358399;0,1060769;0,05843849
4615,0;0,00433667;0,1045989;0,05822559
4621,0;0,004448731;0,1033147;0,05804347
4627,0;0,004449463;0,1019356;0,05773683
4632,0;0,004449952;0,10101618333333333;0,05737468833333333
4638,0;0,004507813;0,09930544;0,05715846
4644,0;0,004504884;0,09761428;0,05643214
4650,0;0,004602784;0,09633425;0,05604493
4656,0;0,004671876;0,09511257;0,05566871
4662,0;0,004600831;0,0938467;0,05532838
4667,0;0,004678467;0,09264674;0,05479884
4673,0;0,004779053;0,09077785;0,05444019
4679,0;0,004769288;0,08956372999999998;0,05393897
4685,0;0,004845459;0,08862599;0,05354859
4691,0;0,004833253;0,08725392;0,05304981
4696,0;0,004855714;0,08622169;0,05281861
4702,0;0,005015869;0,08492334999999998;0,05243214
4708,0;0,005049317;0,08339478999999998;0,05154127
4714,0;0,005089845;0,08228760999999998;0,05116627
4720,0;0,005164063;0,08118385;0,05079494
4725,0;0,005213624;0,08016008333333334;0,050270231666666665
4731,0;0,00526587;0,07884594999999998;0,04966505
4737,0;0,005427003;0,07733107;0,04890699
4743,0;0,005463868;0,07614112;0,04807301
4749,0;0,005552979;0,07516088999999998;0,04767799
4755,0;0,005453858;0,07390797;0,04686378
4760,0;0,005362306;0,07296461;0,04618751
4766,0;0,005550783;0,07179029;0,04568531
4772,0;0,005530763;0,07035744;0,04473707
4778,0;0,005735841;0,06927833;0,04411475
4784,0;0,005725343;0,06835084;0,04365333
4789,0;0,005727296;0,06734815;0,04301246
4795,0;0,005843995;0,06632643;0,04230005
4801,0;0,005942872;0,0648611;0,04146046
4807,0;0,005936525;0,06365114;0,04090479
4813,0;0,005982667;0,0628899;0,04044434
4819,0;0,005931886;0,06174757;0,03971143
4824,0;0,005930421;0,06091554;0,0391958
4830,0;0,006098146;0,05983131;0,03863453
4836,0;0,005966554;0,05833839;0,0376421
4842,0;0,00601465;0,0574546;0,0369585
4848,0;0,006010743;0,0567754;0,03637598
4853,0;0,006020021;0,05579395;0,03576441
4859,0;0,006094728;0,05498243;0,03530298
4865,0;0,00607544;0,05381813;0,03447852
4871,0;0,006054444;0,05291993;0,03377345
4877,0;0,006104981;0,05210181;0,03335499
4882,0;0,006021242;0,05102296;0,03272795666666667
4888,0;0,006031983;0,05025709;0,03209009
4894,0;0,006050539;0,04936622;0,03164356
4900,0;0,005862794;0,04810694;0,03080176
4906,0;0,005769532;0,04727809;0,03011695
4912,0;0,00582251;0,04663868;0,0297273
4917,0;0,00575879;0,04584986;0,02916822
4923,0;0,005731935;0,04508375;0,02862842
4929,0;0,005760499;0,04402344;0,02784058
4935,0;0,005659669;0,04322827;0,0271045
4941,0;0,005686036;0,04241724;0,02661817
4946,0;0,005479249;0,04147461;0,02596729
4952,0;0,005447266;0,04103785;0,02544678
4958,0;0,005535157;0,04041749;0,02496729
4964,0;0,005308838;0,03924048;0,0241001
4970,0;0,005219727;0,03848463;0,02365137
4975,0;0,005220216;0,03790137;0,023381595
4981,0;0,005112305;0,03726587;0,0228208
4987,0;0,00501294;0,03645582;0,02229566
4993,0;0,004966065;0,03558643;0,02175488
4999,0;0,004967774;0,03477979;0,02105762
5005,0;0,005021241;0,03425489;0,02065747
5010,0;0,004834229;0,03341456;0,02014209
5016,0;0,004848389;0,03294312;0,01969361
5022,0;0,004882569;0,03228956;0,01921802
5028,0;0,00468335;0,03136524;0,01839746
5034,0;0,00460376;0,03056177;0,01786402
5039,0;0,00457837;0,0299751;0,01753955
5045,0;0,004489991;0,02926929;0,01707813
5051,0;0,004526368;0,02857837;0,01660132
5057,0;0,004563722;0,02776832;0,0160127
5063,0;0,004411866;0,02716919;0,01551636
5068,0;0,004424805;0,02659644;0,015195718333333334
5074,0;0,004363282;0,02594996;0,01456885
5080,0;0,004413331;0,02544434;0,01409937
5086,0;0,004485597;0,0248379;0,01379737
5092,0;0,004323487;0,02387574;0,01319116
5098,0;0,004355469;0,02321289;0,01278198
5103,0;0,004404541;0,02263135;0,01239209
5109,0;0,004328858;0,0219563;0,01197876
5115,0;0,004457276;0,02149414;0,01156543
5121,0;0,004425049;0,02072705;0,01113721
5127,0;0,00431543;0,02008765;0,01085156
5132,0;0,004389161;0,01974072;0,01055762
5138,0;0,004294679;0,01908472;0,01013941
5144,0;0,00427295;0,01866919;0,009911866
5150,0;0,004408936;0,01816162;0,009673829
5156,0;0,00435962;0,01734131;0,009158205
5161,0;0,004308595;0,01678931;0,008903281666666667
5167,0;0,004414795;0,01642407;0,008632812999999998
5173,0;0,004394776;0,01591187;0,00838086
5179,0;0,00438794;0,01558057;0,008243409999999998
5185,0;0,004392579;0,01505933;0,007938966
5191,0;0,004302491;0,01457251;0,007651123999999999
5196,0;0,0043938;0,01432935;0,007614747
5202,0;0,004459962;0,01387915;0,007468751
5208,0;0,00443335;0,01353687;0,00732837
5214,0;0,004528321;0,01340088;0,007193849
5220,0;0,004358155;0,01285083;0,006923829
5225,0;0,004396973;0,01256079;0,00673462
5231,0;0,004397461;0,01226587;0,006781251
5237,0;0,0043313;0,01203223;0,006531496
5243,0;0,004342774;0,01176538;0,006347901
5249,0;0,004337892;0,01161231;0,006137208
5254,0;0,004402589;0,01128516;0,0058983571666666665
5260,0;0,004484132;0,01097266;0,005682862
5266,0;0,004398682;0,01047193;0,005385743
5272,0;0,004292969;0,01017578;0,005204103
5278,0;0,004472657;0,009751954;0,005219483
5284,0;0,004270753;0,008690431999999998;0,005020265
5289,0;0,00428003;0,007991944;0,005059083
5295,0;0,004385255;0,007362793999999998;0,005209961
5301,0;0,004353516;0,007124269;0,005168457
5307,0;0,00439502;0,00694629;0,005213868
5313,0;0,004441651;0,006801027;0,005253907
5318,0;0,004395997;0,006645265;0,005177735
5324,0;0,00451709;0,006908937;0,005181153
5330,0;0,004457032;0,006927735;0,005041504
5336,0;0,004447267;0,006895509;0,005020265
5342,0;0,004499512;0,006849611;0,005005616
5347,0;0,004424317;0,006641277666666666;0,004787313499999999
5353,0;0,004387696;0,006519532;0,004837159
5359,0;0,004393311;0,006462403;0,004821534
5365,0;0,004450196;0,006107912;0,004710694
5371,0;0,004423097;0,005889162;0,004709229
5377,0;0,004506837;0,00569336;0,004735108
5382,0;0,004428956;0,005418214;0,004681885
5388,0;0,004494385;0,005437989;0,004813478
5394,0;0,004369386;0,005304688;0,004706544
5400,0;0,004418213;0,005335694;0,004714112
5406,0;0,004484132;0,005464601;0,004762696
5411,0;0,004334962;0,005547608;0,004684367666666667
5417,0;0,004334229;0,005475099;0,004611817
5423,0;0,00448169;0,005515382;0,00476294
5429,0;0,004383301;0,005490968;0,004728761
5435,0;0,004510499;0,005478272;0,004671387
5441,0;0,004493165;0,005452638;0,004661622
5446,0;0,004483399;0,005253907;0,004743653
5452,0;0,004621338;0,005392335;0,004824708
5458,0;0,004464844;0,005302247;0,004581788
5464,0;0,004495606;0,005336182;0,004521729
5470,0;0,00457837;0,005490968;0,004681397
5475,0;0,004459962;0,005260255;0,00456836
5481,0;0,004419435;0,005312257;0,00457251
5487,0;0,00451709;0,00545044;0,004688233
5493,0;0,004438722;0,005277833;0,004573487
5499,0;0,004412354;0,0052688;0,004717774
5504,0;0,004481935;0,005326905;0,004757244000000001
5510,0;0,004291261;0,005282471;0,004788331
5516,0;0,004429932;0,005224122;0,004774659
5522,0;0,004384278;0,005158204;0,004691651
5528,0;0,004422364;0,005189454;0,004639649
5534,0;0,004564698;0,005181641;0,004683839
5539,0;0,00437256;0,005090821;0,004671387
5545,0;0,004329102;0,005121095;0,004614014
5551,0;0,004434815;0,005177247;0,004672364
5557,0;0,004464112;0,00504712;0,004563478
5563,0;0,004500978;0,005183106;0,004524903
5568,0;0,004558351;0,005122804;0,004598878
5574,0;0,00444336;0,005096192;0,004526856
5580,0;0,004454103;0,005162842;0,004666016
5586,0;0,0043396;0,005023438;0,004582765
5592,0;0,004357666;0,005055665;0,004646729
5597,0;0,004388184;0,005029786;0,004738078166666666
5603,0;0,00431421;0,004973389;0,004518311
5609,0;0,004211426;0,004954103;0,004616212
5615,0;0,004254395;0,00503418;0,004690431
5621,0;0,004229248;0,004972901;0,004575685
5627,0;0,004273683;0,005042237;0,004638185
5632,0;0,004373047;0,00508252;0,004774415
5638,0;0,004237549;0,005004883;0,004698976
5644,0;0,004333009;0,005064698;0,004798584
5650,0;0,004314942;0,004998536;0,004694337
5656,0;0,004293457;0,005022217;0,004580567
5661,0;0,004306886;0,00511377;0,004707032
5667,0;0,004281739;0,004950929;0,004655274
5673,0;0,004377687;0,004968751;0,004613038
5679,0;0,004482178;0,00504541;0,004690918
5685,0;0,004311524;0,004854737;0,004677491
5690,0;0,004406495;0,004976563;0,004711874333333334
5696,0;0,004497804;0,005063233;0,004732911
5702,0;0,004414308;0,004978028;0,004635987
5708,0;0,004440186;0,005044679;0,004763672
5714,0;0,00437256;0,005021729;0,004798341
5720,0;0,004343018;0,004904298;0,004672852
5725,0;0,004531983;0,005065918;0,004748048
5731,0;0,004553956;0,004941651;0,004600831
5737,0;0,004429444;0,004879395;0,004678711
5743,0;0,00444629;0,00494336;0,004766602
5749,0;0,004345704;0,004860353;0,004656494
5754,0;0,004310303;0,004920899;0,004606934
5760,0;0,004315919;0,005004151;0,004651368
5766,0;0,004344728;0,00496045;0,004622315
5772,0;0,004495362;0,005078125;0,004795167
5778,0;0,004358399;0,005033937;0,004666504
5783,0;0,004435548;0,005056886;0,004666911500000001
5789,0;0,004509034;0,005100343;0,004742432
5795,0;0,004360108;0,004966065;0,00471045
5801,0;0,004250733;0,00488794;0,004608643
5807,0;0,004338379;0,004984864;0,0046875
5813,0;0,004306397;0,00492505;0,004650147
5818,0;0,00433252;0,004922852;0,004658204
5824,0;0,004390382;0,004897706;0,004673829
5830,0;0,004370362;0,004913575;0,004660401
5836,0;0,004379639;0,00482544;0,004748048
5842,0;0,004336915;0,00487378;0,004704835
5847,0;0,004373536;0,004832764;0,004754395
5853,0;0,00453711;0,005035889;0,004758057
5859,0;0,004434571;0,004863282;0,004614258
5865,0;0,004417481;0,004771241;0,004477784
5871,0;0,004506837;0,004877686;0,004682618
5876,0;0,00439795;0,004836181833333333;0,0045621755
5882,0;0,004399659;0,004841797;0,004545411
5888,0;0,004388428;0,005022706;0,004741944
5894,0;0,004318604;0,004952394;0,004670899
5900,0;0,004371095;0,004938478;0,004739747
5906,0;0,004382081;0,004922608;0,00458252
5911,0;0,004333741;0,004854981;0,004585694
5917,0;0,004433595;0,00491211;0,004667237
5923,0;0,004356446;0,004833741;0,004665771
5929,0;0,004327393;0,004876465;0,004607178
5935,0;0,004452638;0,004902833;0,004620606
5940,0;0,004338136;0,004725343;0,004579509333333334
5946,0;0,00441626;0,004785401;0,004582276
5952,0;0,004491944;0,004734864;0,004686769
5958,0;0,004472169;0,004773438;0,004698976
5964,0;0,004482178;0,00493335;0,00472754
5969,0;0,00443213;0,004802938333333334;0,0046764741666666665
5975,0;0,004264649;0,004756104;0,004622804
5981,0;0,004427247;0,004866456;0,004702394
5987,0;0,004454346;0,004811036;0,004653565
5993,0;0,004479737;0,004750489;0,004562501
5999,0;0,004595704;0,004955079;0,004597413
6000,0;0,004384034;0,00482129;0,004642579
